Workbook

Sheet Registration 1A
A1: REGISTRATION SHEET
A2: Registration Teacher | C2: Mr. Sebina
A3: CLASS: 1A
A4: Student ID | B4: Student Name | C4: School Status | D4: Subject | E4: Subject Teacher
A5: STU001 | B5: Mmoloki Nthoiwa | C5: Day Scholar | D5: English | E5: Mr. Sebina
D6: Setswana | E6: Ms. Mmolawa
D7: Mathematics | E7: Ms. Moeng
D8: Science | E8: Mr. Tumagole
D9: Social Studies | E9: Mr. Nthoiwa
D10: Agriculture | E10: Mr. Segwabe
D11: Moral Education | E11: Ms. Rakgoathe
D12: Physical Education | E12: Ms. Keitshokile
D13: Commerce (Accounting) | E13: Ms. Kesamang
A14: STU002 | B14: Thabo Khumalo | C14: Boarder | D14: English | E14: Mr. Sebina
D15: Setswana | E15: Ms. Mmolawa
D16: Mathematics | E16: Ms. Moeng
D17: Science | E17: Mr. Tumagole
D18: Social Studies | E18: Mr. Nthoiwa
D19: Agriculture | E19: Mr. Segwabe
D20: Moral Education | E20: Ms. Rakgoathe
D21: Home Economics | E21: Ms. Tau
D22: Commerce (Office Procedures) | E22: Ms. Phiri
A23: STU003 | B23: Tumelo Segwabe | C23: Boarder | D23: English | E23: Mr. Sebina
D24: Setswana | E24: Ms. Mmolawa
D25: Mathematics | E25: Ms. Moeng
D26: Science | E26: Mr. Tumagole
D27: Social Studies | E27: Mr. Nthoiwa
D28: Agriculture | E28: Mr. Segwabe
D29: Moral Education | E29: Ms. Rakgoathe
D30: Physical Education | E30: Ms. Keitshokile
D31: Commerce (Office Procedures) | E31: Ms. Phiri
A32: STU004 | B32: Thabo Motshegwa | C32: Day Scholar | D32: English | E32: Mr. Sebina
D33: Setswana | E33: Ms. Mmolawa
D34: Mathematics | E34: Ms. Moeng
D35: Science | E35: Mr. Tumagole
D36: Social Studies | E36: Mr. Nthoiwa
D37: Agriculture | E37: Mr. Segwabe
D38: Moral Education | E38: Ms. Rakgoathe
D39: Physical Education | E39: Ms. Keitshokile
D40: Commerce (Office Procedures) | E40: Ms. Phiri
A41: STU005 | B41: Karabo Seboni | C41: Day Scholar | D41: English | E41: Mr. Sebina
D42: Setswana | E42: Ms. Mmolawa
D43: Mathematics | E43: Ms. Moeng
D44: Science | E44: Mr. Tumagole
D45: Social Studies | E45: Mr. Nthoiwa
D46: Agriculture | E46: Mr. Segwabe
D47: Moral Education | E47: Ms. Rakgoathe
D48: Physical Education | E48: Ms. Keitshokile
D49: Commerce (Accounting) | E49: Ms. Kesamang
A50: STU006 | B50: Palesa Radithupa | C50: Day Scholar | D50: English | E50: Mr. Sebina
D51: Setswana | E51: Ms. Mmolawa
D52: Mathematics | E52: Ms. Moeng
D53: Science | E53: Mr. Tumagole
D54: Social Studies | E54: Mr. Nthoiwa
D55: Agriculture | E55: Mr. Segwabe
D56: Moral Education | E56: Ms. Rakgoathe
D57: Physical Education | E57: Ms. Keitshokile
D58: Commerce (Office Procedures) | E58: Ms. Phiri
A59: STU007 | B59: Puso Sechele | C59: Boarder | D59: English | E59: Mr. Sebina
D60: Setswana | E60: Ms. Mmolawa
D61: Mathematics | E61: Ms. Moeng
D62: Science | E62: Mr. Tumagole
D63: Social Studies | E63: Mr. Nthoiwa
D64: Agriculture | E64: Mr. Segwabe
D65: Moral Education | E65: Ms. Rakgoathe
D66: Religious Education | E66: Mr. Seretse
D67: Commerce (Office Procedures) | E67: Ms. Phiri
A68: STU008 | B68: Kagiso Setlhare | C68: Boarder | D68: English | E68: Mr. Sebina
D69: Setswana | E69: Ms. Mmolawa
D70: Mathematics | E70: Ms. Moeng
D71: Science | E71: Mr. Tumagole
D72: Social Studies | E72: Mr. Nthoiwa
D73: Agriculture | E73: Mr. Segwabe
D74: Moral Education | E74: Ms. Rakgoathe
D75: Physical Education | E75: Ms. Keitshokile
D76: Commerce (Accounting) | E76: Ms. Kesamang
A77: STU009 | B77: Mpho Molosiwa | C77: Day Scholar | D77: English | E77: Mr. Sebina
D78: Setswana | E78: Ms. Mmolawa
D79: Mathematics | E79: Ms. Moeng
D80: Science | E80: Mr. Tumagole
D81: Social Studies | E81: Mr. Nthoiwa
D82: Agriculture | E82: Mr. Segwabe
D83: Moral Education | E83: Ms. Rakgoathe
D84: Home Economics | E84: Ms. Tau
D85: Commerce (Office Procedures) | E85: Ms. Phiri
A86: STU010 | B86: Ofentse Kealotswe | C86: Day Scholar | D86: English | E86: Mr. Sebina
D87: Setswana | E87: Ms. Mmolawa
D88: Mathematics | E88: Ms. Moeng
D89: Science | E89: Mr. Tumagole
D90: Social Studies | E90: Mr. Nthoiwa
D91: Agriculture | E91: Mr. Segwabe
D92: Moral Education | E92: Ms. Rakgoathe
D93: Home Economics | E93: Ms. Tau
D94: Commerce (Accounting) | E94: Ms. Kesamang
A95: STU011 | B95: Kealeboga Pheko | C95: Boarder | D95: English | E95: Mr. Sebina
D96: Setswana | E96: Ms. Mmolawa
D97: Mathematics | E97: Ms. Moeng
D98: Science | E98: Mr. Tumagole
D99: Social Studies | E99: Mr. Nthoiwa
D100: Agriculture | E100: Mr. Segwabe
...

Sheet Registration 1B
A1: Registration — Class 1B
A2: Registration Teacher | C2: Ms. Balopi
A3: CLASS: 1B
A4: Student ID | B4: Student Name | C4: School Status | D4: Subject | E4: Subject Teacher
A5: STU031 | B5: Gomolemo Rakgoathe | C5: Day Scholar | D5: English | E5: Ms. Balopi
D6: Setswana | E6: Mr. Basimane
D7: Mathematics | E7: Mrs. Ramotswe
D8: Science | E8: Mr. Radithupa
D9: Social Studies | E9: Mrs. Chele
D10: Agriculture | E10: Ms. Mothibi
D11: Moral Education | E11: Mrs. Kgosi
D12: Physical Education | E12: Mr. Mmusi
D13: Commerce (Accounting) | E13: Ms. Pheko
A14: STU032 | B14: Wame Khumalo | C14: Boarder | D14: English | E14: Ms. Balopi
D15: Setswana | E15: Mr. Basimane
D16: Mathematics | E16: Mrs. Ramotswe
D17: Science | E17: Mr. Radithupa
D18: Social Studies | E18: Mrs. Chele
D19: Agriculture | E19: Ms. Mothibi
D20: Moral Education | E20: Mrs. Kgosi
D21: Physical Education | E21: Mr. Mmusi
D22: Commerce (Office Procedures) | E22: Mr. Leteane
A23: STU033 | B23: Boitumelo Motshegwa | C23: Day Scholar | D23: English | E23: Ms. Balopi
D24: Setswana | E24: Mr. Basimane
D25: Mathematics | E25: Mrs. Ramotswe
D26: Science | E26: Mr. Radithupa
D27: Social Studies | E27: Mrs. Chele
D28: Agriculture | E28: Ms. Mothibi
D29: Moral Education | E29: Mrs. Kgosi
D30: Physical Education | E30: Mr. Mmusi
D31: Commerce (Accounting) | E31: Ms. Pheko
A32: STU034 | B32: Refilwe Radithupa | C32: Boarder | D32: English | E32: Ms. Balopi
D33: Setswana | E33: Mr. Basimane
D34: Mathematics | E34: Mrs. Ramotswe
D35: Science | E35: Mr. Radithupa
D36: Social Studies | E36: Mrs. Chele
D37: Agriculture | E37: Ms. Mothibi
D38: Moral Education | E38: Mrs. Kgosi
D39: Physical Education | E39: Mr. Mmusi
D40: Commerce (Accounting) | E40: Ms. Pheko
A41: STU035 | B41: Lesego Kgosi | C41: Day Scholar | D41: English | E41: Ms. Balopi
D42: Setswana | E42: Mr. Basimane
D43: Mathematics | E43: Mrs. Ramotswe
D44: Science | E44: Mr. Radithupa
D45: Social Studies | E45: Mrs. Chele
D46: Agriculture | E46: Ms. Mothibi
D47: Moral Education | E47: Mrs. Kgosi
D48: Religious Education | E48: Mrs. Modise
D49: Commerce (Office Procedures) | E49: Mr. Leteane
A50: STU036 | B50: Mmoloki Segwabe | C50: Boarder | D50: English | E50: Ms. Balopi
D51: Setswana | E51: Mr. Basimane
D52: Mathematics | E52: Mrs. Ramotswe
D53: Science | E53: Mr. Radithupa
D54: Social Studies | E54: Mrs. Chele
D55: Agriculture | E55: Ms. Mothibi
D56: Moral Education | E56: Mrs. Kgosi
D57: Religious Education | E57: Mrs. Modise
D58: Commerce (Accounting) | E58: Ms. Pheko
A59: STU037 | B59: Baruti Balopi | C59: Day Scholar | D59: English | E59: Ms. Balopi
D60: Setswana | E60: Mr. Basimane
D61: Mathematics | E61: Mrs. Ramotswe
D62: Science | E62: Mr. Radithupa
D63: Social Studies | E63: Mrs. Chele
D64: Agriculture | E64: Ms. Mothibi
D65: Moral Education | E65: Mrs. Kgosi
D66: Religious Education | E66: Mrs. Modise
D67: Commerce (Office Procedures) | E67: Mr. Leteane
A68: STU038 | B68: Katlego Molosiwa | C68: Boarder | D68: English | E68: Ms. Balopi
D69: Setswana | E69: Mr. Basimane
D70: Mathematics | E70: Mrs. Ramotswe
D71: Science | E71: Mr. Radithupa
D72: Social Studies | E72: Mrs. Chele
D73: Agriculture | E73: Ms. Mothibi
D74: Moral Education | E74: Mrs. Kgosi
D75: Physical Education | E75: Mr. Mmusi
D76: Commerce (Accounting) | E76: Ms. Pheko
A77: STU039 | B77: Lesego Modise | C77: Boarder | D77: English | E77: Ms. Balopi
D78: Setswana | E78: Mr. Basimane
D79: Mathematics | E79: Mrs. Ramotswe
D80: Science | E80: Mr. Radithupa
D81: Social Studies | E81: Mrs. Chele
D82: Agriculture | E82: Ms. Mothibi
D83: Moral Education | E83: Mrs. Kgosi
D84: Religious Education | E84: Mrs. Modise
D85: Commerce (Accounting) | E85: Ms. Pheko
A86: STU040 | B86: Otsile Setlhare | C86: Day Scholar | D86: English | E86: Ms. Balopi
D87: Setswana | E87: Mr. Basimane
D88: Mathematics | E88: Mrs. Ramotswe
D89: Science | E89: Mr. Radithupa
D90: Social Studies | E90: Mrs. Chele
D91: Agriculture | E91: Ms. Mothibi
D92: Moral Education | E92: Mrs. Kgosi
D93: Home Economics | E93: Ms. Diseko
D94: Commerce (Office Procedures) | E94: Mr. Leteane
A95: STU041 | B95: Palesa Ramotswe | C95: Boarder | D95: English | E95: Ms. Balopi
D96: Setswana | E96: Mr. Basimane
D97: Mathematics | E97: Mrs. Ramotswe
D98: Science | E98: Mr. Radithupa
D99: Social Studies | E99: Mrs. Chele
D100: Agriculture | E100: Ms. Mothibi
...

Sheet Registration 2A
A1: Registration — Class 2A
A2: Registration Teacher | C2: Ms. Moeng
A3: CLASS: 2A
A4: Student ID | B4: Student Name | C4: School Status | D4: Subject | E4: Subject Teacher
A5: STU061 | B5: Sethunya Mmusi | C5: Boarder | D5: English | E5: Mr. Sebina
D6: Setswana | E6: Ms. Mmolawa
D7: Mathematics | E7: Ms. Moeng
D8: Science | E8: Mr. Tumagole
D9: Social Studies | E9: Mr. Nthoiwa
D10: Agriculture | E10: Mr. Segwabe
D11: Moral Education | E11: Ms. Rakgoathe
D12: Physical Education | E12: Ms. Keitshokile
D13: Commerce (Office Procedures) | E13: Ms. Phiri
A14: STU062 | B14: Palesa Seboni | C14: Day Scholar | D14: English | E14: Mr. Sebina
D15: Setswana | E15: Ms. Mmolawa
D16: Mathematics | E16: Ms. Moeng
D17: Science | E17: Mr. Tumagole
D18: Social Studies | E18: Mr. Nthoiwa
D19: Agriculture | E19: Mr. Segwabe
D20: Moral Education | E20: Ms. Rakgoathe
D21: Physical Education | E21: Ms. Keitshokile
D22: Commerce (Office Procedures) | E22: Ms. Phiri
A23: STU063 | B23: Naledi Mothibi | C23: Boarder | D23: English | E23: Mr. Sebina
D24: Setswana | E24: Ms. Mmolawa
D25: Mathematics | E25: Ms. Moeng
D26: Science | E26: Mr. Tumagole
D27: Social Studies | E27: Mr. Nthoiwa
D28: Agriculture | E28: Mr. Segwabe
D29: Moral Education | E29: Ms. Rakgoathe
D30: Religious Education | E30: Mr. Seretse
D31: Commerce (Accounting) | E31: Ms. Kesamang
A32: STU064 | B32: Kutlo Ditshwanelo | C32: Boarder | D32: English | E32: Mr. Sebina
D33: Setswana | E33: Ms. Mmolawa
D34: Mathematics | E34: Ms. Moeng
D35: Science | E35: Mr. Tumagole
D36: Social Studies | E36: Mr. Nthoiwa
D37: Agriculture | E37: Mr. Segwabe
D38: Moral Education | E38: Ms. Rakgoathe
D39: Religious Education | E39: Mr. Seretse
D40: Commerce (Accounting) | E40: Ms. Kesamang
A41: STU065 | B41: Kabelo Modise | C41: Day Scholar | D41: English | E41: Mr. Sebina
D42: Setswana | E42: Ms. Mmolawa
D43: Mathematics | E43: Ms. Moeng
D44: Science | E44: Mr. Tumagole
D45: Social Studies | E45: Mr. Nthoiwa
D46: Agriculture | E46: Mr. Segwabe
D47: Moral Education | E47: Ms. Rakgoathe
D48: Religious Education | E48: Mr. Seretse
D49: Commerce (Accounting) | E49: Ms. Kesamang
A50: STU066 | B50: Refilwe Pheko | C50: Day Scholar | D50: English | E50: Mr. Sebina
D51: Setswana | E51: Ms. Mmolawa
D52: Mathematics | E52: Ms. Moeng
D53: Science | E53: Mr. Tumagole
D54: Social Studies | E54: Mr. Nthoiwa
D55: Agriculture | E55: Mr. Segwabe
D56: Moral Education | E56: Ms. Rakgoathe
D57: Religious Education | E57: Mr. Seretse
D58: Commerce (Office Procedures) | E58: Ms. Phiri
A59: STU067 | B59: Baruti Tumagole | C59: Day Scholar | D59: English | E59: Mr. Sebina
D60: Setswana | E60: Ms. Mmolawa
D61: Mathematics | E61: Ms. Moeng
D62: Science | E62: Mr. Tumagole
D63: Social Studies | E63: Mr. Nthoiwa
D64: Agriculture | E64: Mr. Segwabe
D65: Moral Education | E65: Ms. Rakgoathe
D66: Physical Education | E66: Ms. Keitshokile
D67: Commerce (Office Procedures) | E67: Ms. Phiri
A68: STU068 | B68: Kabelo Mmusi | C68: Day Scholar | D68: English | E68: Mr. Sebina
D69: Setswana | E69: Ms. Mmolawa
D70: Mathematics | E70: Ms. Moeng
D71: Science | E71: Mr. Tumagole
D72: Social Studies | E72: Mr. Nthoiwa
D73: Agriculture | E73: Mr. Segwabe
D74: Moral Education | E74: Ms. Rakgoathe
D75: Religious Education | E75: Mr. Seretse
D76: Commerce (Accounting) | E76: Ms. Kesamang
A77: STU069 | B77: Bontle Keitshokile | C77: Boarder | D77: English | E77: Mr. Sebina
D78: Setswana | E78: Ms. Mmolawa
D79: Mathematics | E79: Ms. Moeng
D80: Science | E80: Mr. Tumagole
D81: Social Studies | E81: Mr. Nthoiwa
D82: Agriculture | E82: Mr. Segwabe
D83: Moral Education | E83: Ms. Rakgoathe
D84: Physical Education | E84: Ms. Keitshokile
D85: Commerce (Office Procedures) | E85: Ms. Phiri
A86: STU070 | B86: Mmoloki Tau | C86: Boarder | D86: English | E86: Mr. Sebina
D87: Setswana | E87: Ms. Mmolawa
D88: Mathematics | E88: Ms. Moeng
D89: Science | E89: Mr. Tumagole
D90: Social Studies | E90: Mr. Nthoiwa
D91: Agriculture | E91: Mr. Segwabe
D92: Moral Education | E92: Ms. Rakgoathe
D93: Home Economics | E93: Ms. Tau
D94: Commerce (Office Procedures) | E94: Ms. Phiri
A95: STU071 | B95: Bame Ramotswe | C95: Boarder | D95: English | E95: Mr. Sebina
D96: Setswana | E96: Ms. Mmolawa
D97: Mathematics | E97: Ms. Moeng
D98: Science | E98: Mr. Tumagole
D99: Social Studies | E99: Mr. Nthoiwa
D100: Agriculture | E100: Mr. Segwabe
...

Sheet Registration 2B
A1: Registration — Class 2B
A2: Registration Teacher | C2: Mrs. Ramotswe
A3: CLASS: 2B
A4: Student ID | B4: Student Name | C4: School Status | D4: Subject | E4: Subject Teacher
A5: STU091 | B5: Kabelo Sechele | C5: Day Scholar | D5: English | E5: Ms. Balopi
D6: Setswana | E6: Mr. Basimane
D7: Mathematics | E7: Mrs. Ramotswe
D8: Science | E8: Mr. Radithupa
D9: Social Studies | E9: Mrs. Chele
D10: Agriculture | E10: Ms. Mothibi
D11: Moral Education | E11: Mrs. Kgosi
D12: Home Economics | E12: Ms. Diseko
D13: Commerce (Office Procedures) | E13: Mr. Leteane
A14: STU092 | B14: Lorato Segwabe | C14: Boarder | D14: English | E14: Ms. Balopi
D15: Setswana | E15: Mr. Basimane
D16: Mathematics | E16: Mrs. Ramotswe
D17: Science | E17: Mr. Radithupa
D18: Social Studies | E18: Mrs. Chele
D19: Agriculture | E19: Ms. Mothibi
D20: Moral Education | E20: Mrs. Kgosi
D21: Home Economics | E21: Ms. Diseko
D22: Commerce (Office Procedures) | E22: Mr. Leteane
A23: STU093 | B23: Kesego Gaborone | C23: Day Scholar | D23: English | E23: Ms. Balopi
D24: Setswana | E24: Mr. Basimane
D25: Mathematics | E25: Mrs. Ramotswe
D26: Science | E26: Mr. Radithupa
D27: Social Studies | E27: Mrs. Chele
D28: Agriculture | E28: Ms. Mothibi
D29: Moral Education | E29: Mrs. Kgosi
D30: Home Economics | E30: Ms. Diseko
D31: Commerce (Office Procedures) | E31: Mr. Leteane
A32: STU094 | B32: Mpho Rakgoathe | C32: Day Scholar | D32: English | E32: Ms. Balopi
D33: Setswana | E33: Mr. Basimane
D34: Mathematics | E34: Mrs. Ramotswe
D35: Science | E35: Mr. Radithupa
D36: Social Studies | E36: Mrs. Chele
D37: Agriculture | E37: Ms. Mothibi
D38: Moral Education | E38: Mrs. Kgosi
D39: Physical Education | E39: Mr. Mmusi
D40: Commerce (Office Procedures) | E40: Mr. Leteane
A41: STU095 | B41: Tumo Sechele | C41: Day Scholar | D41: English | E41: Ms. Balopi
D42: Setswana | E42: Mr. Basimane
D43: Mathematics | E43: Mrs. Ramotswe
D44: Science | E44: Mr. Radithupa
D45: Social Studies | E45: Mrs. Chele
D46: Agriculture | E46: Ms. Mothibi
D47: Moral Education | E47: Mrs. Kgosi
D48: Physical Education | E48: Mr. Mmusi
D49: Commerce (Accounting) | E49: Ms. Pheko
A50: STU096 | B50: Neo Pheko | C50: Day Scholar | D50: English | E50: Ms. Balopi
D51: Setswana | E51: Mr. Basimane
D52: Mathematics | E52: Mrs. Ramotswe
D53: Science | E53: Mr. Radithupa
D54: Social Studies | E54: Mrs. Chele
D55: Agriculture | E55: Ms. Mothibi
D56: Moral Education | E56: Mrs. Kgosi
D57: Physical Education | E57: Mr. Mmusi
D58: Commerce (Accounting) | E58: Ms. Pheko
A59: STU097 | B59: Palesa Mmusi | C59: Boarder | D59: English | E59: Ms. Balopi
D60: Setswana | E60: Mr. Basimane
D61: Mathematics | E61: Mrs. Ramotswe
D62: Science | E62: Mr. Radithupa
D63: Social Studies | E63: Mrs. Chele
D64: Agriculture | E64: Ms. Mothibi
D65: Moral Education | E65: Mrs. Kgosi
D66: Home Economics | E66: Ms. Diseko
D67: Commerce (Office Procedures) | E67: Mr. Leteane
A68: STU098 | B68: Molemo Basimane | C68: Day Scholar | D68: English | E68: Ms. Balopi
D69: Setswana | E69: Mr. Basimane
D70: Mathematics | E70: Mrs. Ramotswe
D71: Science | E71: Mr. Radithupa
D72: Social Studies | E72: Mrs. Chele
D73: Agriculture | E73: Ms. Mothibi
D74: Moral Education | E74: Mrs. Kgosi
D75: Religious Education | E75: Mrs. Modise
D76: Commerce (Accounting) | E76: Ms. Pheko
A77: STU099 | B77: Otsile Pheko | C77: Day Scholar | D77: English | E77: Ms. Balopi
D78: Setswana | E78: Mr. Basimane
D79: Mathematics | E79: Mrs. Ramotswe
D80: Science | E80: Mr. Radithupa
D81: Social Studies | E81: Mrs. Chele
D82: Agriculture | E82: Ms. Mothibi
D83: Moral Education | E83: Mrs. Kgosi
D84: Physical Education | E84: Mr. Mmusi
D85: Commerce (Office Procedures) | E85: Mr. Leteane
A86: STU100 | B86: Katlego Ramotswe | C86: Day Scholar | D86: English | E86: Ms. Balopi
D87: Setswana | E87: Mr. Basimane
D88: Mathematics | E88: Mrs. Ramotswe
D89: Science | E89: Mr. Radithupa
D90: Social Studies | E90: Mrs. Chele
D91: Agriculture | E91: Ms. Mothibi
D92: Moral Education | E92: Mrs. Kgosi
D93: Home Economics | E93: Ms. Diseko
D94: Commerce (Accounting) | E94: Ms. Pheko
A95: STU101 | B95: Tebogo Rakgoathe | C95: Day Scholar | D95: English | E95: Ms. Balopi
D96: Setswana | E96: Mr. Basimane
D97: Mathematics | E97: Mrs. Ramotswe
D98: Science | E98: Mr. Radithupa
D99: Social Studies | E99: Mrs. Chele
D100: Agriculture | E100: Ms. Mothibi
...

Sheet Registration 3A
A1: Registration — Class 3A
A2: Registration Teacher | C2: Ms. Mmolawa
A3: CLASS: 3A
A4: Student ID | B4: Student Name | C4: School Status | D4: Subject | E4: Subject Teacher
A5: STU121 | B5: Refilwe Kealotswe | C5: Day Scholar | D5: English | E5: Mr. Sebina
D6: Setswana | E6: Ms. Mmolawa
D7: Mathematics | E7: Ms. Moeng
D8: Science | E8: Mr. Tumagole
D9: Social Studies | E9: Mr. Nthoiwa
D10: Agriculture | E10: Mr. Segwabe
D11: Moral Education | E11: Ms. Rakgoathe
D12: Home Economics | E12: Ms. Tau
D13: Commerce (Accounting) | E13: Ms. Kesamang
A14: STU122 | B14: Ofentse Moeng | C14: Day Scholar | D14: English | E14: Mr. Sebina
D15: Setswana | E15: Ms. Mmolawa
D16: Mathematics | E16: Ms. Moeng
D17: Science | E17: Mr. Tumagole
D18: Social Studies | E18: Mr. Nthoiwa
D19: Agriculture | E19: Mr. Segwabe
D20: Moral Education | E20: Ms. Rakgoathe
D21: Physical Education | E21: Ms. Keitshokile
D22: Commerce (Accounting) | E22: Ms. Kesamang
A23: STU123 | B23: Tebogo Mmusi | C23: Boarder | D23: English | E23: Mr. Sebina
D24: Setswana | E24: Ms. Mmolawa
D25: Mathematics | E25: Ms. Moeng
D26: Science | E26: Mr. Tumagole
D27: Social Studies | E27: Mr. Nthoiwa
D28: Agriculture | E28: Mr. Segwabe
D29: Moral Education | E29: Ms. Rakgoathe
D30: Physical Education | E30: Ms. Keitshokile
D31: Commerce (Office Procedures) | E31: Ms. Phiri
A32: STU124 | B32: Lorato Gaborone | C32: Boarder | D32: English | E32: Mr. Sebina
D33: Setswana | E33: Ms. Mmolawa
D34: Mathematics | E34: Ms. Moeng
D35: Science | E35: Mr. Tumagole
D36: Social Studies | E36: Mr. Nthoiwa
D37: Agriculture | E37: Mr. Segwabe
D38: Moral Education | E38: Ms. Rakgoathe
D39: Home Economics | E39: Ms. Tau
D40: Commerce (Office Procedures) | E40: Ms. Phiri
A41: STU125 | B41: Kesego Balopi | C41: Day Scholar | D41: English | E41: Mr. Sebina
D42: Setswana | E42: Ms. Mmolawa
D43: Mathematics | E43: Ms. Moeng
D44: Science | E44: Mr. Tumagole
D45: Social Studies | E45: Mr. Nthoiwa
D46: Agriculture | E46: Mr. Segwabe
D47: Moral Education | E47: Ms. Rakgoathe
D48: Physical Education | E48: Ms. Keitshokile
D49: Commerce (Office Procedures) | E49: Ms. Phiri
A50: STU126 | B50: Resego Mmolawa | C50: Boarder | D50: English | E50: Mr. Sebina
D51: Setswana | E51: Ms. Mmolawa
D52: Mathematics | E52: Ms. Moeng
D53: Science | E53: Mr. Tumagole
D54: Social Studies | E54: Mr. Nthoiwa
D55: Agriculture | E55: Mr. Segwabe
D56: Moral Education | E56: Ms. Rakgoathe
D57: Religious Education | E57: Mr. Seretse
D58: Commerce (Accounting) | E58: Ms. Kesamang
A59: STU127 | B59: Tebogo Phiri | C59: Day Scholar | D59: English | E59: Mr. Sebina
D60: Setswana | E60: Ms. Mmolawa
D61: Mathematics | E61: Ms. Moeng
D62: Science | E62: Mr. Tumagole
D63: Social Studies | E63: Mr. Nthoiwa
D64: Agriculture | E64: Mr. Segwabe
D65: Moral Education | E65: Ms. Rakgoathe
D66: Home Economics | E66: Ms. Tau
D67: Commerce (Office Procedures) | E67: Ms. Phiri
A68: STU128 | B68: Kealeboga Setlhare | C68: Boarder | D68: English | E68: Mr. Sebina
D69: Setswana | E69: Ms. Mmolawa
D70: Mathematics | E70: Ms. Moeng
D71: Science | E71: Mr. Tumagole
D72: Social Studies | E72: Mr. Nthoiwa
D73: Agriculture | E73: Mr. Segwabe
D74: Moral Education | E74: Ms. Rakgoathe
D75: Religious Education | E75: Mr. Seretse
D76: Commerce (Office Procedures) | E76: Ms. Phiri
A77: STU129 | B77: Tebogo Motshegwa | C77: Day Scholar | D77: English | E77: Mr. Sebina
D78: Setswana | E78: Ms. Mmolawa
D79: Mathematics | E79: Ms. Moeng
D80: Science | E80: Mr. Tumagole
D81: Social Studies | E81: Mr. Nthoiwa
D82: Agriculture | E82: Mr. Segwabe
D83: Moral Education | E83: Ms. Rakgoathe
D84: Physical Education | E84: Ms. Keitshokile
D85: Commerce (Office Procedures) | E85: Ms. Phiri
A86: STU130 | B86: Kagiso Moeng | C86: Boarder | D86: English | E86: Mr. Sebina
D87: Setswana | E87: Ms. Mmolawa
D88: Mathematics | E88: Ms. Moeng
D89: Science | E89: Mr. Tumagole
D90: Social Studies | E90: Mr. Nthoiwa
D91: Agriculture | E91: Mr. Segwabe
D92: Moral Education | E92: Ms. Rakgoathe
D93: Physical Education | E93: Ms. Keitshokile
D94: Commerce (Accounting) | E94: Ms. Kesamang
A95: STU131 | B95: Boitumelo Tau | C95: Day Scholar | D95: English | E95: Mr. Sebina
D96: Setswana | E96: Ms. Mmolawa
D97: Mathematics | E97: Ms. Moeng
D98: Science | E98: Mr. Tumagole
D99: Social Studies | E99: Mr. Nthoiwa
D100: Agriculture | E100: Mr. Segwabe
...

Sheet Registration 3B
A1: Registration — Class 3B
A2: Registration Teacher | C2: Mr. Basimane
A3: CLASS: 3B
A4: Student ID | B4: Student Name | C4: School Status | D4: Subject | E4: Subject Teacher
A5: STU151 | B5: Ame Gaborone | C5: Day Scholar | D5: English | E5: Ms. Balopi
D6: Setswana | E6: Mr. Basimane
D7: Mathematics | E7: Mrs. Ramotswe
D8: Science | E8: Mr. Radithupa
D9: Social Studies | E9: Mrs. Chele
D10: Agriculture | E10: Ms. Mothibi
D11: Moral Education | E11: Mrs. Kgosi
D12: Physical Education | E12: Mr. Mmusi
D13: Commerce (Accounting) | E13: Ms. Pheko
A14: STU152 | B14: Resego Mogami | C14: Boarder | D14: English | E14: Ms. Balopi
D15: Setswana | E15: Mr. Basimane
D16: Mathematics | E16: Mrs. Ramotswe
D17: Science | E17: Mr. Radithupa
D18: Social Studies | E18: Mrs. Chele
D19: Agriculture | E19: Ms. Mothibi
D20: Moral Education | E20: Mrs. Kgosi
D21: Home Economics | E21: Ms. Diseko
D22: Commerce (Office Procedures) | E22: Mr. Leteane
A23: STU153 | B23: Boago Mothibi | C23: Day Scholar | D23: English | E23: Ms. Balopi
D24: Setswana | E24: Mr. Basimane
D25: Mathematics | E25: Mrs. Ramotswe
D26: Science | E26: Mr. Radithupa
D27: Social Studies | E27: Mrs. Chele
D28: Agriculture | E28: Ms. Mothibi
D29: Moral Education | E29: Mrs. Kgosi
D30: Physical Education | E30: Mr. Mmusi
D31: Commerce (Accounting) | E31: Ms. Pheko
A32: STU154 | B32: Neo Moeng | C32: Boarder | D32: English | E32: Ms. Balopi
D33: Setswana | E33: Mr. Basimane
D34: Mathematics | E34: Mrs. Ramotswe
D35: Science | E35: Mr. Radithupa
D36: Social Studies | E36: Mrs. Chele
D37: Agriculture | E37: Ms. Mothibi
D38: Moral Education | E38: Mrs. Kgosi
D39: Religious Education | E39: Mrs. Modise
D40: Commerce (Accounting) | E40: Ms. Pheko
A41: STU155 | B41: Refilwe Basimane | C41: Boarder | D41: English | E41: Ms. Balopi
D42: Setswana | E42: Mr. Basimane
D43: Mathematics | E43: Mrs. Ramotswe
D44: Science | E44: Mr. Radithupa
D45: Social Studies | E45: Mrs. Chele
D46: Agriculture | E46: Ms. Mothibi
D47: Moral Education | E47: Mrs. Kgosi
D48: Religious Education | E48: Mrs. Modise
D49: Commerce (Accounting) | E49: Ms. Pheko
A50: STU156 | B50: Puso Modise | C50: Day Scholar | D50: English | E50: Ms. Balopi
D51: Setswana | E51: Mr. Basimane
D52: Mathematics | E52: Mrs. Ramotswe
D53: Science | E53: Mr. Radithupa
D54: Social Studies | E54: Mrs. Chele
D55: Agriculture | E55: Ms. Mothibi
D56: Moral Education | E56: Mrs. Kgosi
D57: Religious Education | E57: Mrs. Modise
D58: Commerce (Accounting) | E58: Ms. Pheko
A59: STU157 | B59: Lesego Sechele | C59: Boarder | D59: English | E59: Ms. Balopi
D60: Setswana | E60: Mr. Basimane
D61: Mathematics | E61: Mrs. Ramotswe
D62: Science | E62: Mr. Radithupa
D63: Social Studies | E63: Mrs. Chele
D64: Agriculture | E64: Ms. Mothibi
D65: Moral Education | E65: Mrs. Kgosi
D66: Religious Education | E66: Mrs. Modise
D67: Commerce (Office Procedures) | E67: Mr. Leteane
A68: STU158 | B68: Puso Ntsima | C68: Day Scholar | D68: English | E68: Ms. Balopi
D69: Setswana | E69: Mr. Basimane
D70: Mathematics | E70: Mrs. Ramotswe
D71: Science | E71: Mr. Radithupa
D72: Social Studies | E72: Mrs. Chele
D73: Agriculture | E73: Ms. Mothibi
D74: Moral Education | E74: Mrs. Kgosi
D75: Physical Education | E75: Mr. Mmusi
D76: Commerce (Office Procedures) | E76: Mr. Leteane
A77: STU159 | B77: Dineo Moeng | C77: Day Scholar | D77: English | E77: Ms. Balopi
D78: Setswana | E78: Mr. Basimane
D79: Mathematics | E79: Mrs. Ramotswe
D80: Science | E80: Mr. Radithupa
D81: Social Studies | E81: Mrs. Chele
D82: Agriculture | E82: Ms. Mothibi
D83: Moral Education | E83: Mrs. Kgosi
D84: Home Economics | E84: Ms. Diseko
D85: Commerce (Office Procedures) | E85: Mr. Leteane
A86: STU160 | B86: Goitseone Phiri | C86: Boarder | D86: English | E86: Ms. Balopi
D87: Setswana | E87: Mr. Basimane
D88: Mathematics | E88: Mrs. Ramotswe
D89: Science | E89: Mr. Radithupa
D90: Social Studies | E90: Mrs. Chele
D91: Agriculture | E91: Ms. Mothibi
D92: Moral Education | E92: Mrs. Kgosi
D93: Home Economics | E93: Ms. Diseko
D94: Commerce (Office Procedures) | E94: Mr. Leteane
A95: STU161 | B95: Gomolemo Ramotswe | C95: Boarder | D95: English | E95: Ms. Balopi
D96: Setswana | E96: Mr. Basimane
D97: Mathematics | E97: Mrs. Ramotswe
D98: Science | E98: Mr. Radithupa
D99: Social Studies | E99: Mrs. Chele
D100: Agriculture | E100: Ms. Mothibi
...

Sheet Assessments 1A
A1: Assessments 1A
A4: Student ID | B4: Student Name | C4: Class | D4: School Status | E4: Subject | F4: Teacher | G4: Term 1 | N4: Term 2 | U4: Term 3 / Final Exam
G5: Paper 1 | H5: Paper 2 | I5: Paper 3 | J5: Average Mark | K5: Percentage | L5: Grade | M5: Comment | N5: Paper 1 | O5: Paper 2 | P5: Paper 3 | Q5: Average Mark | R5: Percentage | S5: Grade | T5: Comment | U5: Paper 1 | V5: Paper 2 | W5: Paper 3 | X5: Average Mark | Y5: Percentage | Z5: Grade | AA5: Comment
A6: STU001 | B6: Mmoloki Nthoiwa | C6: 1A | D6: Day Scholar | E6: English | F6: Mr. Sebina | G6: 56 | H6: 49 | I6: 45 | J6: =IF(COUNT(G6:I6)=0,"",AVERAGE(G6:I6)) -> 50 | K6: =IF(J6="","",ROUND(J6/100,4)) -> 0.5 | L6: =IF(J6="","",IF(J6>=80,"A",IF(J6>=70,"B",IF(J6>=60,"C",IF(J6>=50,"D","F"))))) -> D | M6: =IF(L6="","",IFERROR(INDEX({"Excellent work in ","Very good work in ","Satisfactory work in ","Fair work in ","Below the expected level in "},MATCH(L6,{"A","B","C","D","F"},0))&INDEX({"reading and writing","reading, writing and speaking","problem solving","concepts and practicals","content knowledge","practical work and knowledge","values and participation","religious knowledge and participation","fitness and participation","practical skills","recording of accounts","office practice"},MATCH($E6,{"English","Setswana","Mathematics","Science","Social Studies","Agriculture","Moral Education","Religious Education","Physical Education","Home Economics","Commerce (Accounting)","Commerce (Office Procedures)"},0))&INDEX({"; keep it up.","; aim higher.","; keep practising.","; extra practice is needed.","; urgent support is needed."},MATCH(L6,{"A","B","C","D","F"},0)),"")) -> Fair work in reading and writing; extra practice is needed. | N6: 48 | O6: 49 | P6: 60 | Q6: =IF(COUNT(N6:P6)=0,"",AVERAGE(N6:P6)) -> 52.333333 | R6: =IF(Q6="","",ROUND(Q6/100,4)) -> 0.5233 | S6: =IF(Q6="","",IF(Q6>=80,"A",IF(Q6>=70,"B",IF(Q6>=60,"C",IF(Q6>=50,"D","F"))))) -> D | T6: =IF(S6="","",IFERROR(INDEX({"Excellent work in ","Very good work in ","Satisfactory work in ","Fair work in ","Below the expected level in "},MATCH(S6,{"A","B","C","D","F"},0))&INDEX({"reading and writing","reading, writing and speaking","problem solving","concepts and practicals","content knowledge","practical work and knowledge","values and participation","religious knowledge and participation","fitness and participation","practical skills","recording of accounts","office practice"},MATCH($E6,{"English","Setswana","Mathematics","Science","Social Studies","Agriculture","Moral Education","Religious Education","Physical Education","Home Economics","Commerce (Accounting)","Commerce (Office Procedures)"},0))&INDEX({"; keep it up.","; aim higher.","; keep practising.","; extra practice is needed.","; urgent support is needed."},MATCH(S6,{"A","B","C","D","F"},0)),"")) -> Fair work in reading and writing; extra practice is needed. | X6: =IF(COUNT(U6:W6)=0,"",AVERAGE(U6:W6)) | Y6: =IF(X6="","",ROUND(X6/100,4)) | Z6: =IF(X6="","",IF(X6>=80,"A",IF(X6>=70,"B",IF(X6>=60,"C",IF(X6>=50,"D","F"))))) | AA6: =IF(Z6="","",IFERROR(INDEX({"Excellent work in ","Very good work in ","Satisfactory work in ","Fair work in ","Below the expected level in "},MATCH(Z6,{"A","B","C","D","F"},0))&INDEX({"reading and writing","reading, writing and speaking","problem solving","concepts and practicals","content knowledge","practical work and knowledge","values and participation","religious knowledge and participation","fitness and participation","practical skills","recording of accounts","office practice"},MATCH($E6,{"English","Setswana","Mathematics","Science","Social Studies","Agriculture","Moral Education","Religious Education","Physical Education","Home Economics","Commerce (Accounting)","Commerce (Office Procedures)"},0))&INDEX({"; keep it up.","; aim higher.","; keep practising.","; extra practice is needed.","; urgent support is needed."},MATCH(Z6,{"A","B","C","D","F"},0)),""))
E7: Setswana | F7: Ms. Mmolawa | G7: 50 | H7: 57 | I7: 55 | J7: =IF(COUNT(G7:I7)=0,"",AVERAGE(G7:I7)) -> 54 | K7: =IF(J7="","",ROUND(J7/100,4)) -> 0.54 | L7: =IF(J7="","",IF(J7>=80,"A",IF(J7>=70,"B",IF(J7>=60,"C",IF(J7>=50,"D","F"))))) -> D | M7: =IF(L7="","",IFERROR(INDEX({"Excellent work in ","Very good work in ","Satisfactory work in ","Fair work in ","Below the expected level in "},MATCH(L7,{"A","B","C","D","F"},0))&INDEX({"reading and writing","reading, writing and speaking","problem solving","concepts and practicals","content knowledge","practical work and knowledge","values and participation","religious knowledge and participation","fitness and participation","practical skills","recording of accounts","office practice"},MATCH($E7,{"English","Setswana","Mathematics","Science","Social Studies","Agriculture","Moral Education","Religious Education","Physical Education","Home Economics","Commerce (Accounting)","Commerce (Office Procedures)"},0))&INDEX({"; keep it up.","; aim higher.","; keep practising.","; extra practice is needed.","; urgent support is needed."},MATCH(L7,{"A","B","C","D","F"},0)),"")) -> Fair work in reading, writing and speaking; extra practice is needed. | N7: 53 | O7: 64 | P7: 57 | Q7: =IF(COUNT(N7:P7)=0,"",AVERAGE(N7:P7)) -> 58 | R7: =IF(Q7="","",ROUND(Q7/100,4)) -> 0.58 | S7: =IF(Q7="","",IF(Q7>=80,"A",IF(Q7>=70,"B",IF(Q7>=60,"C",IF(Q7>=50,"D","F"))))) -> D | T7: =IF(S7="","",IFERROR(INDEX({"Excellent work in ","Very good work in ","Satisfactory work in ","Fair work in ","Below the expected level in "},MATCH(S7,{"A","B","C","D","F"},0))&INDEX({"reading and writing","reading, writing and speaking","problem solving","concepts and practicals","content knowledge","practical work and knowledge","values and participation","religious knowledge and participation","fitness and participation","practical skills","recording of accounts","office practice"},MATCH($E7,{"English","Setswana","Mathematics","Science","Social Studies","Agriculture","Moral Education","Religious Education","Physical Education","Home Economics","Commerce (Accounting)","Commerce (Office Procedures)"},0))&INDEX({"; keep it up.","; aim higher.","; keep practising.","; extra practice is needed.","; urgent support is needed."},MATCH(S7,{"A","B","C","D","F"},0)),"")) -> Fair work in reading, writing and speaking; extra practice is needed. | U7: 58 | V7: 57 | W7: 60 | X7: =IF(COUNT(U7:W7)=0,"",AVERAGE(U7:W7)) -> 58.333333 | Y7: =IF(X7="","",ROUND(X7/100,4)) -> 0.5833 | Z7: =IF(X7="","",IF(X7>=80,"A",IF(X7>=70,"B",IF(X7>=60,"C",IF(X7>=50,"D","F"))))) -> D | AA7: =IF(Z7="","",IFERROR(INDEX({"Excellent work in ","Very good work in ","Satisfactory work in ","Fair work in ","Below the expected level in "},MATCH(Z7,{"A","B","C","D","F"},0))&INDEX({"reading and writing","reading, writing and speaking","problem solving","concepts and practicals","content knowledge","practical work and knowledge","values and participation","religious knowledge and participation","fitness and participation","practical skills","recording of accounts","office practice"},MATCH($E7,{"English","Setswana","Mathematics","Science","Social Studies","Agriculture","Moral Education","Religious Education","Physical Education","Home Economics","Commerce (Accounting)","Commerce (Office Procedures)"},0))&INDEX({"; keep it up.","; aim higher.","; keep practising.","; extra practice is needed.","; urgent support is needed."},MATCH(Z7,{"A","B","C","D","F"},0)),"")) -> Fair work in reading, writing and speaking; extra practice is needed.
E8: Mathematics | F8: Ms. Moeng | G8: 67 | H8: 60 | I8: 66 | J8: =IF(COUNT(G8:I8)=0,"",AVERAGE(G8:I8)) -> 64.333333 | K8: =IF(J8="","",ROUND(J8/100,4)) -> 0.6433 | L8: =IF(J8="","",IF(J8>=80,"A",IF(J8>=70,"B",IF(J8>=60,"C",IF(J8>=50,"D","F"))))) -> C | M8: =IF(L8="","",IFERROR(INDEX({"Excellent work in ","Very good work in ","Satisfactory work in ","Fair work in ","Below the expected level in "},MATCH(L8,{"A","B","C","D","F"},0))&INDEX({"reading and writing","reading, writing and speaking","problem solving","concepts and practicals","content knowledge","practical work and knowledge","values and participation","religious knowledge and participation","fitness and participation","practical skills","recording of accounts","office practice"},MATCH($E8,{"English","Setswana","Mathematics","Science","Social Studies","Agriculture","Moral Education","Religious Education","Physical Education","Home Economics","Commerce (Accounting)","Commerce (Office Procedures)"},0))&INDEX({"; keep it up.","; aim higher.","; keep practising.","; extra practice is needed.","; urgent support is needed."},MATCH(L8,{"A","B","C","D","F"},0)),"")) -> Satisfactory work in problem solving; keep practising. | N8: 56 | O8: 64 | P8: 66 | Q8: =IF(COUNT(N8:P8)=0,"",AVERAGE(N8:P8)) -> 62 | R8: =IF(Q8="","",ROUND(Q8/100,4)) -> 0.62 | S8: =IF(Q8="","",IF(Q8>=80,"A",IF(Q8>=70,"B",IF(Q8>=60,"C",IF(Q8>=50,"D","F"))))) -> C | T8: =IF(S8="","",IFERROR(INDEX({"Excellent work in ","Very good work in ","Satisfactory work in ","Fair work in ","Below the expected level in "},MATCH(S8,{"A","B","C","D","F"},0))&INDEX({"reading and writing","reading, writing and speaking","problem solving","concepts and practicals","content knowledge","practical work and knowledge","values and participation","religious knowledge and participation","fitness and participation","practical skills","recording of accounts","office practice"},MATCH($E8,{"English","Setswana","Mathematics","Science","Social Studies","Agriculture","Moral Education","Religious Education","Physical Education","Home Economics","Commerce (Accounting)","Commerce (Office Procedures)"},0))&INDEX({"; keep it up.","; aim higher.","; keep practising.","; extra practice is needed.","; urgent support is needed."},MATCH(S8,{"A","B","C","D","F"},0)),"")) -> Satisfactory work in problem solving; keep practising. | U8: 61 | V8: 74 | W8: 60 | X8: =IF(COUNT(U8:W8)=0,"",AVERAGE(U8:W8)) -> 65 | Y8: =IF(X8="","",ROUND(X8/100,4)) -> 0.65 | Z8: =IF(X8="","",IF(X8>=80,"A",IF(X8>=70,"B",IF(X8>=60,"C",IF(X8>=50,"D","F"))))) -> C | AA8: =IF(Z8="","",IFERROR(INDEX({"Excellent work in ","Very good work in ","Satisfactory work in ","Fair work in ","Below the expected level in "},MATCH(Z8,{"A","B","C","D","F"},0))&INDEX({"reading and writing","reading, writing and speaking","problem solving","concepts and practicals","content knowledge","practical work and knowledge","values and participation","religious knowledge and participation","fitness and participation","practical skills","recording of accounts","office practice"},MATCH($E8,{"English","Setswana","Mathematics","Science","Social Studies","Agriculture","Moral Education","Religious Education","Physical Education","Home Economics","Commerce (Accounting)","Commerce (Office Procedures)"},0))&INDEX({"; keep it up.","; aim higher.","; keep practising.","; extra practice is needed.","; urgent support is needed."},MATCH(Z8,{"A","B","C","D","F"},0)),"")) -> Satisfactory work in problem solving; keep practising.
E9: Science | F9: Mr. Tumagole | G9: 53 | H9: 61 | I9: 57 | J9: =IF(COUNT(G9:I9)=0,"",AVERAGE(G9:I9)) -> 57 | K9: =IF(J9="","",ROUND(J9/100,4)) -> 0.57 | L9: =IF(J9="","",IF(J9>=80,"A",IF(J9>=70,"B",IF(J9>=60,"C",IF(J9>=50,"D","F"))))) -> D | M9: =IF(L9="","",IFERROR(INDEX({"Excellent work in ","Very good work in ","Satisfactory work in ","Fair work in ","Below the expected level in "},MATCH(L9,{"A","B","C","D","F"},0))&INDEX({"reading and writing","reading, writing and speaking","problem solving","concepts and practicals","content knowledge","practical work and knowledge","values and participation","religious knowledge and participation","fitness and participation","practical skills","recording of accounts","office practice"},MATCH($E9,{"English","Setswana","Mathematics","Science","Social Studies","Agriculture","Moral Education","Religious Education","Physical Education","Home Economics","Commerce (Accounting)","Commerce (Office Procedures)"},0))&INDEX({"; keep it up.","; aim higher.","; keep practising.","; extra practice is needed.","; urgent support is needed."},MATCH(L9,{"A","B","C","D","F"},0)),"")) -> Fair work in concepts and practicals; extra practice is needed. | N9: 55 | O9: 53 | P9: 59 | Q9: =IF(COUNT(N9:P9)=0,"",AVERAGE(N9:P9)) -> 55.666667 | R9: =IF(Q9="","",ROUND(Q9/100,4)) -> 0.5567 | S9: =IF(Q9="","",IF(Q9>=80,"A",IF(Q9>=70,"B",IF(Q9>=60,"C",IF(Q9>=50,"D","F"))))) -> D | T9: =IF(S9="","",IFERROR(INDEX({"Excellent work in ","Very good work in ","Satisfactory work in ","Fair work in ","Below the expected level in "},MATCH(S9,{"A","B","C","D","F"},0))&INDEX({"reading and writing","reading, writing and speaking","problem solving","concepts and practicals","content knowledge","practical work and knowledge","values and participation","religious knowledge and participation","fitness and participation","practical skills","recording of accounts","office practice"},MATCH($E9,{"English","Setswana","Mathematics","Science","Social Studies","Agriculture","Moral Education","Religious Education","Physical Education","Home Economics","Commerce (Accounting)","Commerce (Office Procedures)"},0))&INDEX({"; keep it up.","; aim higher.","; keep practising.","; extra practice is needed.","; urgent support is needed."},MATCH(S9,{"A","B","C","D","F"},0)),"")) -> Fair work in concepts and practicals; extra practice is needed. | U9: 62 | V9: 59 | W9: 65 | X9: =IF(COUNT(U9:W9)=0,"",AVERAGE(U9:W9)) -> 62 | Y9: =IF(X9="","",ROUND(X9/100,4)) -> 0.62 | Z9: =IF(X9="","",IF(X9>=80,"A",IF(X9>=70,"B",IF(X9>=60,"C",IF(X9>=50,"D","F"))))) -> C | AA9: =IF(Z9="","",IFERROR(INDEX({"Excellent work in ","Very good work in ","Satisfactory work in ","Fair work in ","Below the expected level in "},MATCH(Z9,{"A","B","C","D","F"},0))&INDEX({"reading and writing","reading, writing and speaking","problem solving","concepts and practicals","content knowledge","practical work and knowledge","values and participation","religious knowledge and participation","fitness and participation","practical skills","recording of accounts","office practice"},MATCH($E9,{"English","Setswana","Mathematics","Science","Social Studies","Agriculture","Moral Education","Religious Education","Physical Education","Home Economics","Commerce (Accounting)","Commerce (Office Procedures)"},0))&INDEX({"; keep it up.","; aim higher.","; keep practising.","; extra practice is needed.","; urgent support is needed."},MATCH(Z9,{"A","B","C","D","F"},0)),"")) -> Satisfactory work in concepts and practicals; keep practising.
E10: Social Studies | F10: Mr. Nthoiwa | G10: 54 | H10: 60 | I10: 60 | J10: =IF(COUNT(G10:I10)=0,"",AVERAGE(G10:I10)) -> 58 | K10: =IF(J10="","",ROUND(J10/100,4)) -> 0.58 | L10: =IF(J10="","",IF(J10>=80,"A",IF(J10>=70,"B",IF(J10>=60,"C",IF(J10>=50,"D","F"))))) -> D | M10: =IF(L10="","",IFERROR(INDEX({"Excellent work in ","Very good work in ","Satisfactory work in ","Fair work in ","Below the expected level in "},MATCH(L10,{"A","B","C","D","F"},0))&INDEX({"reading and writing","reading, writing and speaking","problem solving","concepts and practicals","content knowledge","practical work and knowledge","values and participation","religious knowledge and participation","fitness and participation","practical skills","recording of accounts","office practice"},MATCH($E10,{"English","Setswana","Mathematics","Science","Social Studies","Agriculture","Moral Education","Religious Education","Physical Education","Home Economics","Commerce (Accounting)","Commerce (Office Procedures)"},0))&INDEX({"; keep it up.","; aim higher.","; keep practising.","; extra practice is needed.","; urgent support is needed."},MATCH(L10,{"A","B","C","D","F"},0)),"")) -> Fair work in content knowledge; extra practice is needed. | N10: 63 | O10: 64 | P10: 68 | Q10: =IF(COUNT(N10:P10)=0,"",AVERAGE(N10:P10)) -> 65 | R10: =IF(Q10="","",ROUND(Q10/100,4)) -> 0.65 | S10: =IF(Q10="","",IF(Q10>=80,"A",IF(Q10>=70,"B",IF(Q10>=60,"C",IF(Q10>=50,"D","F"))))) -> C | T10: =IF(S10="","",IFERROR(INDEX({"Excellent work in ","Very good work in ","Satisfactory work in ","Fair work in ","Below the expected level in "},MATCH(S10,{"A","B","C","D","F"},0))&INDEX({"reading and writing","reading, writing and speaking","problem solving","concepts and practicals","content knowledge","practical work and knowledge","values and participation","religious knowledge and participation","fitness and participation","practical skills","recording of accounts","office practice"},MATCH($E10,{"English","Setswana","Mathematics","Science","Social Studies","Agriculture","Moral Education","Religious Education","Physical Education","Home Economics","Commerce (Accounting)","Commerce (Office Procedures)"},0))&INDEX({"; keep it up.","; aim higher.","; keep practising.","; extra practice is needed.","; urgent support is needed."},MATCH(S10,{"A","B","C","D","F"},0)),"")) -> Satisfactory work in content knowledge; keep practising. | U10: 63 | V10: 68 | W10: 59 | X10: =IF(COUNT(U10:W10)=0,"",AVERAGE(U10:W10)) -> 63.333333 | Y10: =IF(X10="","",ROUND(X10/100,4)) -> 0.6333 | Z10: =IF(X10="","",IF(X10>=80,"A",IF(X10>=70,"B",IF(X10>=60,"C",IF(X10>=50,"D","F"))))) -> C | AA10: =IF(Z10="","",IFERROR(INDEX({"Excellent work in ","Very good work in ","Satisfactory work in ","Fair work in ","Below the expected level in "},MATCH(Z10,{"A","B","C","D","F"},0))&INDEX({"reading and writing","reading, writing and speaking","problem solving","concepts and practicals","content knowledge","practical work and knowledge","values and participation","religious knowledge and participation","fitness and participation","practical skills","recording of accounts","office practice"},MATCH($E10,{"English","Setswana","Mathematics","Science","Social Studies","Agriculture","Moral Education","Religious Education","Physical Education","Home Economics","Commerce (Accounting)","Commerce (Office Procedures)"},0))&INDEX({"; keep it up.","; aim higher.","; keep practising.","; extra practice is needed.","; urgent support is needed."},MATCH(Z10,{"A","B","C","D","F"},0)),"")) -> Satisfactory work in content knowledge; keep practising.
E11: Agriculture | F11: Mr. Segwabe | G11: 55 | H11: 71 | I11: 71 | J11: =IF(COUNT(G11:I11)=0,"",AVERAGE(G11:I11)) -> 65.666667 | K11: =IF(J11="","",ROUND(J11/100,4)) -> 0.6567 | L11: =IF(J11="","",IF(J11>=80,"A",IF(J11>=70,"B",IF(J11>=60,"C",IF(J11>=50,"D","F"))))) -> C | M11: =IF(L11="","",IFERROR(INDEX({"Excellent work in ","Very good work in ","Satisfactory work in ","Fair work in ","Below the expected level in "},MATCH(L11,{"A","B","C","D","F"},0))&INDEX({"reading and writing","reading, writing and speaking","problem solving","concepts and practicals","content knowledge","practical work and knowledge","values and participation","religious knowledge and participation","fitness and participation","practical skills","recording of accounts","office practice"},MATCH($E11,{"English","Setswana","Mathematics","Science","Social Studies","Agriculture","Moral Education","Religious Education","Physical Education","Home Economics","Commerce (Accounting)","Commerce (Office Procedures)"},0))&INDEX({"; keep it up.","; aim higher.","; keep practising.","; extra practice is needed.","; urgent support is needed."},MATCH(L11,{"A","B","C","D","F"},0)),"")) -> Satisfactory work in practical work and knowledge; keep practising. | N11: 66 | O11: 66 | P11: 59 | Q11: =IF(COUNT(N11:P11)=0,"",AVERAGE(N11:P11)) -> 63.666667 | R11: =IF(Q11="","",ROUND(Q11/100,4)) -> 0.6367 | S11: =IF(Q11="","",IF(Q11>=80,"A",IF(Q11>=70,"B",IF(Q11>=60,"C",IF(Q11>=50,"D","F"))))) -> C | T11: =IF(S11="","",IFERROR(INDEX({"Excellent work in ","Very good work in ","Satisfactory work in ","Fair work in ","Below the expected level in "},MATCH(S11,{"A","B","C","D","F"},0))&INDEX({"reading and writing","reading, writing and speaking","problem solving","concepts and practicals","content knowledge","practical work and knowledge","values and participation","religious knowledge and participation","fitness and participation","practical skills","recording of accounts","office practice"},MATCH($E11,{"English","Setswana","Mathematics","Science","Social Studies","Agriculture","Moral Education","Religious Education","Physical Education","Home Economics","Commerce (Accounting)","Commerce (Office Procedures)"},0))&INDEX({"; keep it up.","; aim higher.","; keep practising.","; extra practice is needed.","; urgent support is needed."},MATCH(S11,{"A","B","C","D","F"},0)),"")) -> Satisfactory work in practical work and knowledge; keep practising. | U11: 64 | V11: 66 | W11: 76 | X11: =IF(COUNT(U11:W11)=0,"",AVERAGE(U11:W11)) -> 68.666667 | Y11: =IF(X11="","",ROUND(X11/100,4)) -> 0.6867 | Z11: =IF(X11="","",IF(X11>=80,"A",IF(X11>=70,"B",IF(X11>=60,"C",IF(X11>=50,"D","F"))))) -> C | AA11: =IF(Z11="","",IFERROR(INDEX({"Excellent work in ","Very good work in ","Satisfactory work in ","Fair work in ","Below the expected level in "},MATCH(Z11,{"A","B","C","D","F"},0))&INDEX({"reading and writing","reading, writing and speaking","problem solving","concepts and practicals","content knowledge","practical work and knowledge","values and participation","religious knowledge and participation","fitness and participation","practical skills","recording of accounts","office practice"},MATCH($E11,{"English","Setswana","Mathematics","Science","Social Studies","Agriculture","Moral Education","Religious Education","Physical Education","Home Economics","Commerce (Accounting)","Commerce (Office Procedures)"},0))&INDEX({"; keep it up.","; aim higher.","; keep practising.","; extra practice is needed.","; urgent support is needed."},MATCH(Z11,{"A","B","C","D","F"},0)),"")) -> Satisfactory work in practical work and knowledge; keep practising.
E12: Moral Education | F12: Ms. Rakgoathe | G12: 56 | H12: 56 | I12: 60 | J12: =IF(COUNT(G12:I12)=0,"",AVERAGE(G12:I12)) -> 57.333333 | K12: =IF(J12="","",ROUND(J12/100,4)) -> 0.5733 | L12: =IF(J12="","",IF(J12>=80,"A",IF(J12>=70,"B",IF(J12>=60,"C",IF(J12>=50,"D","F"))))) -> D | M12: =IF(L12="","",IFERROR(INDEX({"Excellent work in ","Very good work in ","Satisfactory work in ","Fair work in ","Below the expected level in "},MATCH(L12,{"A","B","C","D","F"},0))&INDEX({"reading and writing","reading, writing and speaking","problem solving","concepts and practicals","content knowledge","practical work and knowledge","values and participation","religious knowledge and participation","fitness and participation","practical skills","recording of accounts","office practice"},MATCH($E12,{"English","Setswana","Mathematics","Science","Social Studies","Agriculture","Moral Education","Religious Education","Physical Education","Home Economics","Commerce (Accounting)","Commerce (Office Procedures)"},0))&INDEX({"; keep it up.","; aim higher.","; keep practising.","; extra practice is needed.","; urgent support is needed."},MATCH(L12,{"A","B","C","D","F"},0)),"")) -> Fair work in values and participation; extra practice is needed. | N12: 57 | O12: 61 | P12: 60 | Q12: =IF(COUNT(N12:P12)=0,"",AVERAGE(N12:P12)) -> 59.333333 | R12: =IF(Q12="","",ROUND(Q12/100,4)) -> 0.5933 | S12: =IF(Q12="","",IF(Q12>=80,"A",IF(Q12>=70,"B",IF(Q12>=60,"C",IF(Q12>=50,"D","F"))))) -> D | T12: =IF(S12="","",IFERROR(INDEX({"Excellent work in ","Very good work in ","Satisfactory work in ","Fair work in ","Below the expected level in "},MATCH(S12,{"A","B","C","D","F"},0))&INDEX({"reading and writing","reading, writing and speaking","problem solving","concepts and practicals","content knowledge","practical work and knowledge","values and participation","religious knowledge and participation","fitness and participation","practical skills","recording of accounts","office practice"},MATCH($E12,{"English","Setswana","Mathematics","Science","Social Studies","Agriculture","Moral Education","Religious Education","Physical Education","Home Economics","Commerce (Accounting)","Commerce (Office Procedures)"},0))&INDEX({"; keep it up.","; aim higher.","; keep practising.","; extra practice is needed.","; urgent support is needed."},MATCH(S12,{"A","B","C","D","F"},0)),"")) -> Fair work in values and participation; extra practice is needed. | U12: 59 | V12: 58 | W12: 56 | X12: =IF(COUNT(U12:W12)=0,"",AVERAGE(U12:W12)) -> 57.666667 | Y12: =IF(X12="","",ROUND(X12/100,4)) -> 0.5767 | Z12: =IF(X12="","",IF(X12>=80,"A",IF(X12>=70,"B",IF(X12>=60,"C",IF(X12>=50,"D","F"))))) -> D | AA12: =IF(Z12="","",IFERROR(INDEX({"Excellent work in ","Very good work in ","Satisfactory work in ","Fair work in ","Below the expected level in "},MATCH(Z12,{"A","B","C","D","F"},0))&INDEX({"reading and writing","reading, writing and speaking","problem solving","concepts and practicals","content knowledge","practical work and knowledge","values and participation","religious knowledge and participation","fitness and participation","practical skills","recording of accounts","office practice"},MATCH($E12,{"English","Setswana","Mathematics","Science","Social Studies","Agriculture","Moral Education","Religious Education","Physical Education","Home Economics","Commerce (Accounting)","Commerce (Office Procedures)"},0))&INDEX({"; keep it up.","; aim higher.","; keep practising.","; extra practice is needed.","; urgent support is needed."},MATCH(Z12,{"A","B","C","D","F"},0)),"")) -> Fair work in values and participation; extra practice is needed.
E13: Physical Education | F13: Ms. Keitshokile | G13: 61 | H13: 66 | I13: 56 | J13: =IF(COUNT(G13:I13)=0,"",AVERAGE(G13:I13)) -> 61 | K13: =IF(J13="","",ROUND(J13/100,4)) -> 0.61 | L13: =IF(J13="","",IF(J13>=80,"A",IF(J13>=70,"B",IF(J13>=60,"C",IF(J13>=50,"D","F"))))) -> C | M13: =IF(L13="","",IFERROR(INDEX({"Excellent work in ","Very good work in ","Satisfactory work in ","Fair work in ","Below the expected level in "},MATCH(L13,{"A","B","C","D","F"},0))&INDEX({"reading and writing","reading, writing and speaking","problem solving","concepts and practicals","content knowledge","practical work and knowledge","values and participation","religious knowledge and participation","fitness and participation","practical skills","recording of accounts","office practice"},MATCH($E13,{"English","Setswana","Mathematics","Science","Social Studies","Agriculture","Moral Education","Religious Education","Physical Education","Home Economics","Commerce (Accounting)","Commerce (Office Procedures)"},0))&INDEX({"; keep it up.","; aim higher.","; keep practising.","; extra practice is needed.","; urgent support is needed."},MATCH(L13,{"A","B","C","D","F"},0)),"")) -> Satisfactory work in fitness and participation; keep practising. | N13: 65 | O13: 57 | P13: 66 | Q13: =IF(COUNT(N13:P13)=0,"",AVERAGE(N13:P13)) -> 62.666667 | R13: =IF(Q13="","",ROUND(Q13/100,4)) -> 0.6267 | S13: =IF(Q13="","",IF(Q13>=80,"A",IF(Q13>=70,"B",IF(Q13>=60,"C",IF(Q13>=50,"D","F"))))) -> C | T13: =IF(S13="","",IFERROR(INDEX({"Excellent work in ","Very good work in ","Satisfactory work in ","Fair work in ","Below the expected level in "},MATCH(S13,{"A","B","C","D","F"},0))&INDEX({"reading and writing","reading, writing and speaking","problem solving","concepts and practicals","content knowledge","practical work and knowledge","values and participation","religious knowledge and participation","fitness and participation","practical skills","recording of accounts","office practice"},MATCH($E13,{"English","Setswana","Mathematics","Science","Social Studies","Agriculture","Moral Education","Religious Education","Physical Education","Home Economics","Commerce (Accounting)","Commerce (Office Procedures)"},0))&INDEX({"; keep it up.","; aim higher.","; keep practising.","; extra practice is needed.","; urgent support is needed."},MATCH(S13,{"A","B","C","D","F"},0)),"")) -> Satisfactory work in fitness and participation; keep practising. | U13: 59 | V13: 68 | W13: 64 | X13: =IF(COUNT(U13:W13)=0,"",AVERAGE(U13:W13)) -> 63.666667 | Y13: =IF(X13="","",ROUND(X13/100,4)) -> 0.6367 | Z13: =IF(X13="","",IF(X13>=80,"A",IF(X13>=70,"B",IF(X13>=60,"C",IF(X13>=50,"D","F"))))) -> C | AA13: =IF(Z13="","",IFERROR(INDEX({"Excellent work in ","Very good work in ","Satisfactory work in ","Fair work in ","Below the expected level in "},MATCH(Z13,{"A","B","C","D","F"},0))&INDEX({"reading and writing","reading, writing and speaking","problem solving","concepts and practicals","content knowledge","practical work and knowledge","values and participation","religious knowledge and participation","fitness and participation","practical skills","recording of accounts","office practice"},MATCH($E13,{"English","Setswana","Mathematics","Science","Social Studies","Agriculture","Moral Education","Religious Education","Physical Education","Home Economics","Commerce (Accounting)","Commerce (Office Procedures)"},0))&INDEX({"; keep it up.","; aim higher.","; keep practising.","; extra practice is needed.","; urgent support is needed."},MATCH(Z13,{"A","B","C","D","F"},0)),"")) -> Satisfactory work in fitness and participation; keep practising.
E14: Commerce (Accounting) | F14: Ms. Kesamang | G14: 50 | H14: 58 | I14: 52 | J14: =IF(COUNT(G14:I14)=0,"",AVERAGE(G14:I14)) -> 53.333333 | K14: =IF(J14="","",ROUND(J14/100,4)) -> 0.5333 | L14: =IF(J14="","",IF(J14>=80,"A",IF(J14>=70,"B",IF(J14>=60,"C",IF(J14>=50,"D","F"))))) -> D | M14: =IF(L14="","",IFERROR(INDEX({"Excellent work in ","Very good work in ","Satisfactory work in ","Fair work in ","Below the expected level in "},MATCH(L14,{"A","B","C","D","F"},0))&INDEX({"reading and writing","reading, writing and speaking","problem solving","concepts and practicals","content knowledge","practical work and knowledge","values and participation","religious knowledge and participation","fitness and participation","practical skills","recording of accounts","office practice"},MATCH($E14,{"English","Setswana","Mathematics","Science","Social Studies","Agriculture","Moral Education","Religious Education","Physical Education","Home Economics","Commerce (Accounting)","Commerce (Office Procedures)"},0))&INDEX({"; keep it up.","; aim higher.","; keep practising.","; extra practice is needed.","; urgent support is needed."},MATCH(L14,{"A","B","C","D","F"},0)),"")) -> Fair work in recording of accounts; extra practice is needed. | N14: 46 | O14: 52 | P14: 61 | Q14: =IF(COUNT(N14:P14)=0,"",AVERAGE(N14:P14)) -> 53 | R14: =IF(Q14="","",ROUND(Q14/100,4)) -> 0.53 | S14: =IF(Q14="","",IF(Q14>=80,"A",IF(Q14>=70,"B",IF(Q14>=60,"C",IF(Q14>=50,"D","F"))))) -> D | T14: =IF(S14="","",IFERROR(INDEX({"Excellent work in ","Very good work in ","Satisfactory work in ","Fair work in ","Below the expected level in "},MATCH(S14,{"A","B","C","D","F"},0))&INDEX({"reading and writing","reading, writing and speaking","problem solving","concepts and practicals","content knowledge","practical work and knowledge","values and participation","religious knowledge and participation","fitness and participation","practical skills","recording of accounts","office practice"},MATCH($E14,{"English","Setswana","Mathematics","Science","Social Studies","Agriculture","Moral Education","Religious Education","Physical Education","Home Economics","Commerce (Accounting)","Commerce (Office Procedures)"},0))&INDEX({"; keep it up.","; aim higher.","; keep practising.","; extra practice is needed.","; urgent support is needed."},MATCH(S14,{"A","B","C","D","F"},0)),"")) -> Fair work in recording of accounts; extra practice is needed. | U14: 62 | V14: 55 | W14: 62 | X14: =IF(COUNT(U14:W14)=0,"",AVERAGE(U14:W14)) -> 59.666667 | Y14: =IF(X14="","",ROUND(X14/100,4)) -> 0.5967 | Z14: =IF(X14="","",IF(X14>=80,"A",IF(X14>=70,"B",IF(X14>=60,"C",IF(X14>=50,"D","F"))))) -> D | AA14: =IF(Z14="","",IFERROR(INDEX({"Excellent work in ","Very good work in ","Satisfactory work in ","Fair work in ","Below the expected level in "},MATCH(Z14,{"A","B","C","D","F"},0))&INDEX({"reading and writing","reading, writing and speaking","problem solving","concepts and practicals","content knowledge","practical work and knowledge","values and participation","religious knowledge and participation","fitness and participation","practical skills","recording of accounts","office practice"},MATCH($E14,{"English","Setswana","Mathematics","Science","Social Studies","Agriculture","Moral Education","Religious Education","Physical Education","Home Economics","Commerce (Accounting)","Commerce (Office Procedures)"},0))&INDEX({"; keep it up.","; aim higher.","; keep practising.","; extra practice is needed.","; urgent support is needed."},MATCH(Z14,{"A","B","C","D","F"},0)),"")) -> Fair work in recording of accounts; extra practice is needed.
A15: STU002 | B15: Thabo Khumalo | C15: 1A | D15: Boarder | E15: English | F15: Mr. Sebina | G15: 50 | H15: 60 | I15: 66 | J15: =IF(COUNT(G15:I15)=0,"",AVERAGE(G15:I15)) -> 58.666667 | K15: =IF(J15="","",ROUND(J15/100,4)) -> 0.5867 | L15: =IF(J15="","",IF(J15>=80,"A",IF(J15>=70,"B",IF(J15>=60,"C",IF(J15>=50,"D","F"))))) -> D | M15: =IF(L15="","",IFERROR(INDEX({"Excellent work in ","Very good work in ","Satisfactory work in ","Fair work in ","Below the expected level in "},MATCH(L15,{"A","B","C","D","F"},0))&INDEX({"reading and writing","reading, writing and speaking","problem solving","concepts and practicals","content knowledge","practical work and knowledge","values and participation","religious knowledge and participation","fitness and participation","practical skills","recording of accounts","office practice"},MATCH($E15,{"English","Setswana","Mathematics","Science","Social Studies","Agriculture","Moral Education","Religious Education","Physical Education","Home Economics","Commerce (Accounting)","Commerce (Office Procedures)"},0))&INDEX({"; keep it up.","; aim higher.","; keep practising.","; extra practice is needed.","; urgent support is needed."},MATCH(L15,{"A","B","C","D","F"},0)),"")) -> Fair work in reading and writing; extra practice is needed. | N15: 63 | O15: 56 | P15: 66 | Q15: =IF(COUNT(N15:P15)=0,"",AVERAGE(N15:P15)) -> 61.666667 | R15: =IF(Q15="","",ROUND(Q15/100,4)) -> 0.6167 | S15: =IF(Q15="","",IF(Q15>=80,"A",IF(Q15>=70,"B",IF(Q15>=60,"C",IF(Q15>=50,"D","F"))))) -> C | T15: =IF(S15="","",IFERROR(INDEX({"Excellent work in ","Very good work in ","Satisfactory work in ","Fair work in ","Below the expected level in "},MATCH(S15,{"A","B","C","D","F"},0))&INDEX({"reading and writing","reading, writing and speaking","problem solving","concepts and practicals","content knowledge","practical work and knowledge","values and participation","religious knowledge and participation","fitness and participation","practical skills","recording of accounts","office practice"},MATCH($E15,{"English","Setswana","Mathematics","Science","Social Studies","Agriculture","Moral Education","Religious Education","Physical Education","Home Economics","Commerce (Accounting)","Commerce (Office Procedures)"},0))&INDEX({"; keep it up.","; aim higher.","; keep practising.","; extra practice is needed.","; urgent support is needed."},MATCH(S15,{"A","B","C","D","F"},0)),"")) -> Satisfactory work in reading and writing; keep practising. | U15: 62 | V15: 68 | W15: 57 | X15: =IF(COUNT(U15:W15)=0,"",AVERAGE(U15:W15)) -> 62.333333 | Y15: =IF(X15="","",ROUND(X15/100,4)) -> 0.6233 | Z15: =IF(X15="","",IF(X15>=80,"A",IF(X15>=70,"B",IF(X15>=60,"C",IF(X15>=50,"D","F"))))) -> C | AA15: =IF(Z15="","",IFERROR(INDEX({"Excellent work in ","Very good work in ","Satisfactory work in ","Fair work in ","Below the expected level in "},MATCH(Z15,{"A","B","C","D","F"},0))&INDEX({"reading and writing","reading, writing and speaking","problem solving","concepts and practicals","content knowledge","practical work and knowledge","values and participation","religious knowledge and participation","fitness and participation","practical skills","recording of accounts","office practice"},MATCH($E15,{"English","Setswana","Mathematics","Science","Social Studies","Agriculture","Moral Education","Religious Education","Physical Education","Home Economics","Commerce (Accounting)","Commerce (Office Procedures)"},0))&INDEX({"; keep it up.","; aim higher.","; keep practising.","; extra practice is needed.","; urgent support is needed."},MATCH(Z15,{"A","B","C","D","F"},0)),"")) -> Satisfactory work in reading and writing; keep practising.
E16: Setswana | F16: Ms. Mmolawa | G16: 64 | H16: 65 | I16: 61 | J16: =IF(COUNT(G16:I16)=0,"",AVERAGE(G16:I16)) -> 63.333333 | K16: =IF(J16="","",ROUND(J16/100,4)) -> 0.6333 | L16: =IF(J16="","",IF(J16>=80,"A",IF(J16>=70,"B",IF(J16>=60,"C",IF(J16>=50,"D","F"))))) -> C | M16: =IF(L16="","",IFERROR(INDEX({"Excellent work in ","Very good work in ","Satisfactory work in ","Fair work in ","Below the expected level in "},MATCH(L16,{"A","B","C","D","F"},0))&INDEX({"reading and writing","reading, writing and speaking","problem solving","concepts and practicals","content knowledge","practical work and knowledge","values and participation","religious knowledge and participation","fitness and participation","practical skills","recording of accounts","office practice"},MATCH($E16,{"English","Setswana","Mathematics","Science","Social Studies","Agriculture","Moral Education","Religious Education","Physical Education","Home Economics","Commerce (Accounting)","Commerce (Office Procedures)"},0))&INDEX({"; keep it up.","; aim higher.","; keep practising.","; extra practice is needed.","; urgent support is needed."},MATCH(L16,{"A","B","C","D","F"},0)),"")) -> Satisfactory work in reading, writing and speaking; keep practising. | N16: 67 | O16: 63 | P16: 65 | Q16: =IF(COUNT(N16:P16)=0,"",AVERAGE(N16:P16)) -> 65 | R16: =IF(Q16="","",ROUND(Q16/100,4)) -> 0.65 | S16: =IF(Q16="","",IF(Q16>=80,"A",IF(Q16>=70,"B",IF(Q16>=60,"C",IF(Q16>=50,"D","F"))))) -> C | T16: =IF(S16="","",IFERROR(INDEX({"Excellent work in ","Very good work in ","Satisfactory work in ","Fair work in ","Below the expected level in "},MATCH(S16,{"A","B","C","D","F"},0))&INDEX({"reading and writing","reading, writing and speaking","problem solving","concepts and practicals","content knowledge","practical work and knowledge","values and participation","religious knowledge and participation","fitness and participation","practical skills","recording of accounts","office practice"},MATCH($E16,{"English","Setswana","Mathematics","Science","Social Studies","Agriculture","Moral Education","Religious Education","Physical Education","Home Economics","Commerce (Accounting)","Commerce (Office Procedures)"},0))&INDEX({"; keep it up.","; aim higher.","; keep practising.","; extra practice is needed.","; urgent support is needed."},MATCH(S16,{"A","B","C","D","F"},0)),"")) -> Satisfactory work in reading, writing and speaking; keep practising. | U16: 62 | V16: 63 | W16: 64 | X16: =IF(COUNT(U16:W16)=0,"",AVERAGE(U16:W16)) -> 63 | Y16: =IF(X16="","",ROUND(X16/100,4)) -> 0.63 | Z16: =IF(X16="","",IF(X16>=80,"A",IF(X16>=70,"B",IF(X16>=60,"C",IF(X16>=50,"D","F"))))) -> C | AA16: =IF(Z16="","",IFERROR(INDEX({"Excellent work in ","Very good work in ","Satisfactory work in ","Fair work in ","Below the expected level in "},MATCH(Z16,{"A","B","C","D","F"},0))&INDEX({"reading and writing","reading, writing and speaking","problem solving","concepts and practicals","content knowledge","practical work and knowledge","values and participation","religious knowledge and participation","fitness and participation","practical skills","recording of accounts","office practice"},MATCH($E16,{"English","Setswana","Mathematics","Science","Social Studies","Agriculture","Moral Education","Religious Education","Physical Education","Home Economics","Commerce (Accounting)","Commerce (Office Procedures)"},0))&INDEX({"; keep it up.","; aim higher.","; keep practising.","; extra practice is needed.","; urgent support is needed."},MATCH(Z16,{"A","B","C","D","F"},0)),"")) -> Satisfactory work in reading, writing and speaking; keep practising.
E17: Mathematics | F17: Ms. Moeng | G17: 65 | H17: 69 | I17: 62 | J17: =IF(COUNT(G17:I17)=0,"",AVERAGE(G17:I17)) -> 65.333333 | K17: =IF(J17="","",ROUND(J17/100,4)) -> 0.6533 | L17: =IF(J17="","",IF(J17>=80,"A",IF(J17>=70,"B",IF(J17>=60,"C",IF(J17>=50,"D","F"))))) -> C | M17: =IF(L17="","",IFERROR(INDEX({"Excellent work in ","Very good work in ","Satisfactory work in ","Fair work in ","Below the expected level in "},MATCH(L17,{"A","B","C","D","F"},0))&INDEX({"reading and writing","reading, writing and speaking","problem solving","concepts and practicals","content knowledge","practical work and knowledge","values and participation","religious knowledge and participation","fitness and participation","practical skills","recording of accounts","office practice"},MATCH($E17,{"English","Setswana","Mathematics","Science","Social Studies","Agriculture","Moral Education","Religious Education","Physical Education","Home Economics","Commerce (Accounting)","Commerce (Office Procedures)"},0))&INDEX({"; keep it up.","; aim higher.","; keep practising.","; extra practice is needed.","; urgent support is needed."},MATCH(L17,{"A","B","C","D","F"},0)),"")) -> Satisfactory work in problem solving; keep practising. | N17: 62 | O17: 67 | P17: 71 | Q17: =IF(COUNT(N17:P17)=0,"",AVERAGE(N17:P17)) -> 66.666667 | R17: =IF(Q17="","",ROUND(Q17/100,4)) -> 0.6667 | S17: =IF(Q17="","",IF(Q17>=80,"A",IF(Q17>=70,"B",IF(Q17>=60,"C",IF(Q17>=50,"D","F"))))) -> C | T17: =IF(S17="","",IFERROR(INDEX({"Excellent work in ","Very good work in ","Satisfactory work in ","Fair work in ","Below the expected level in "},MATCH(S17,{"A","B","C","D","F"},0))&INDEX({"reading and writing","reading, writing and speaking","problem solving","concepts and practicals","content knowledge","practical work and knowledge","values and participation","religious knowledge and participation","fitness and participation","practical skills","recording of accounts","office practice"},MATCH($E17,{"English","Setswana","Mathematics","Science","Social Studies","Agriculture","Moral Education","Religious Education","Physical Education","Home Economics","Commerce (Accounting)","Commerce (Office Procedures)"},0))&INDEX({"; keep it up.","; aim higher.","; keep practising.","; extra practice is needed.","; urgent support is needed."},MATCH(S17,{"A","B","C","D","F"},0)),"")) -> Satisfactory work in problem solving; keep practising. | U17: 77 | V17: 80 | W17: 75 | X17: =IF(COUNT(U17:W17)=0,"",AVERAGE(U17:W17)) -> 77.333333 | Y17: =IF(X17="","",ROUND(X17/100,4)) -> 0.7733 | Z17: =IF(X17="","",IF(X17>=80,"A",IF(X17>=70,"B",IF(X17>=60,"C",IF(X17>=50,"D","F"))))) -> B | AA17: =IF(Z17="","",IFERROR(INDEX({"Excellent work in ","Very good work in ","Satisfactory work in ","Fair work in ","Below the expected level in "},MATCH(Z17,{"A","B","C","D","F"},0))&INDEX({"reading and writing","reading, writing and speaking","problem solving","concepts and practicals","content knowledge","practical work and knowledge","values and participation","religious knowledge and participation","fitness and participation","practical skills","recording of accounts","office practice"},MATCH($E17,{"English","Setswana","Mathematics","Science","Social Studies","Agriculture","Moral Education","Religious Education","Physical Education","Home Economics","Commerce (Accounting)","Commerce (Office Procedures)"},0))&INDEX({"; keep it up.","; aim higher.","; keep practising.","; extra practice is needed.","; urgent support is needed."},MATCH(Z17,{"A","B","C","D","F"},0)),"")) -> Very good work in problem solving; aim higher.
E18: Science | F18: Mr. Tumagole | G18: 55 | H18: 57 | I18: 60 | J18: =IF(COUNT(G18:I18)=0,"",AVERAGE(G18:I18)) -> 57.333333 | K18: =IF(J18="","",ROUND(J18/100,4)) -> 0.5733 | L18: =IF(J18="","",IF(J18>=80,"A",IF(J18>=70,"B",IF(J18>=60,"C",IF(J18>=50,"D","F"))))) -> D | M18: =IF(L18="","",IFERROR(INDEX({"Excellent work in ","Very good work in ","Satisfactory work in ","Fair work in ","Below the expected level in "},MATCH(L18,{"A","B","C","D","F"},0))&INDEX({"reading and writing","reading, writing and speaking","problem solving","concepts and practicals","content knowledge","practical work and knowledge","values and participation","religious knowledge and participation","fitness and participation","practical skills","recording of accounts","office practice"},MATCH($E18,{"English","Setswana","Mathematics","Science","Social Studies","Agriculture","Moral Education","Religious Education","Physical Education","Home Economics","Commerce (Accounting)","Commerce (Office Procedures)"},0))&INDEX({"; keep it up.","; aim higher.","; keep practising.","; extra practice is needed.","; urgent support is needed."},MATCH(L18,{"A","B","C","D","F"},0)),"")) -> Fair work in concepts and practicals; extra practice is needed. | N18: 56 | O18: 59 | P18: 57 | Q18: =IF(COUNT(N18:P18)=0,"",AVERAGE(N18:P18)) -> 57.333333 | R18: =IF(Q18="","",ROUND(Q18/100,4)) -> 0.5733 | S18: =IF(Q18="","",IF(Q18>=80,"A",IF(Q18>=70,"B",IF(Q18>=60,"C",IF(Q18>=50,"D","F"))))) -> D | T18: =IF(S18="","",IFERROR(INDEX({"Excellent work in ","Very good work in ","Satisfactory work in ","Fair work in ","Below the expected level in "},MATCH(S18,{"A","B","C","D","F"},0))&INDEX({"reading and writing","reading, writing and speaking","problem solving","concepts and practicals","content knowledge","practical work and knowledge","values and participation","religious knowledge and participation","fitness and participation","practical skills","recording of accounts","office practice"},MATCH($E18,{"English","Setswana","Mathematics","Science","Social Studies","Agriculture","Moral Education","Religious Education","Physical Education","Home Economics","Commerce (Accounting)","Commerce (Office Procedures)"},0))&INDEX({"; keep it up.","; aim higher.","; keep practising.","; extra practice is needed.","; urgent support is needed."},MATCH(S18,{"A","B","C","D","F"},0)),"")) -> Fair work in concepts and practicals; extra practice is needed. | U18: 62 | V18: 62 | W18: 67 | X18: =IF(COUNT(U18:W18)=0,"",AVERAGE(U18:W18)) -> 63.666667 | Y18: =IF(X18="","",ROUND(X18/100,4)) -> 0.6367 | Z18: =IF(X18="","",IF(X18>=80,"A",IF(X18>=70,"B",IF(X18>=60,"C",IF(X18>=50,"D","F"))))) -> C | AA18: =IF(Z18="","",IFERROR(INDEX({"Excellent work in ","Very good work in ","Satisfactory work in ","Fair work in ","Below the expected level in "},MATCH(Z18,{"A","B","C","D","F"},0))&INDEX({"reading and writing","reading, writing and speaking","problem solving","concepts and practicals","content knowledge","practical work and knowledge","values and participation","religious knowledge and participation","fitness and participation","practical skills","recording of accounts","office practice"},MATCH($E18,{"English","Setswana","Mathematics","Science","Social Studies","Agriculture","Moral Education","Religious Education","Physical Education","Home Economics","Commerce (Accounting)","Commerce (Office Procedures)"},0))&INDEX({"; keep it up.","; aim higher.","; keep practising.","; extra practice is needed.","; urgent support is needed."},MATCH(Z18,{"A","B","C","D","F"},0)),"")) -> Satisfactory work in concepts and practicals; keep practising.
E19: Social Studies | F19: Mr. Nthoiwa | G19: 63 | H19: 69 | I19: 63 | J19: =IF(COUNT(G19:I19)=0,"",AVERAGE(G19:I19)) -> 65 | K19: =IF(J19="","",ROUND(J19/100,4)) -> 0.65 | L19: =IF(J19="","",IF(J19>=80,"A",IF(J19>=70,"B",IF(J19>=60,"C",IF(J19>=50,"D","F"))))) -> C | M19: =IF(L19="","",IFERROR(INDEX({"Excellent work in ","Very good work in ","Satisfactory work in ","Fair work in ","Below the expected level in "},MATCH(L19,{"A","B","C","D","F"},0))&INDEX({"reading and writing","reading, writing and speaking","problem solving","concepts and practicals","content knowledge","practical work and knowledge","values and participation","religious knowledge and participation","fitness and participation","practical skills","recording of accounts","office practice"},MATCH($E19,{"English","Setswana","Mathematics","Science","Social Studies","Agriculture","Moral Education","Religious Education","Physical Education","Home Economics","Commerce (Accounting)","Commerce (Office Procedures)"},0))&INDEX({"; keep it up.","; aim higher.","; keep practising.","; extra practice is needed.","; urgent support is needed."},MATCH(L19,{"A","B","C","D","F"},0)),"")) -> Satisfactory work in content knowledge; keep practising. | N19: 65 | O19: 66 | P19: 63 | Q19: =IF(COUNT(N19:P19)=0,"",AVERAGE(N19:P19)) -> 64.666667 | R19: =IF(Q19="","",ROUND(Q19/100,4)) -> 0.6467 | S19: =IF(Q19="","",IF(Q19>=80,"A",IF(Q19>=70,"B",IF(Q19>=60,"C",IF(Q19>=50,"D","F"))))) -> C | T19: =IF(S19="","",IFERROR(INDEX({"Excellent work in ","Very good work in ","Satisfactory work in ","Fair work in ","Below the expected level in "},MATCH(S19,{"A","B","C","D","F"},0))&INDEX({"reading and writing","reading, writing and speaking","problem solving","concepts and practicals","content knowledge","practical work and knowledge","values and participation","religious knowledge and participation","fitness and participation","practical skills","recording of accounts","office practice"},MATCH($E19,{"English","Setswana","Mathematics","Science","Social Studies","Agriculture","Moral Education","Religious Education","Physical Education","Home Economics","Commerce (Accounting)","Commerce (Office Procedures)"},0))&INDEX({"; keep it up.","; aim higher.","; keep practising.","; extra practice is needed.","; urgent support is needed."},MATCH(S19,{"A","B","C","D","F"},0)),"")) -> Satisfactory work in content knowledge; keep practising. | U19: 75 | V19: 65 | W19: 76 | X19: =IF(COUNT(U19:W19)=0,"",AVERAGE(U19:W19)) -> 72 | Y19: =IF(X19="","",ROUND(X19/100,4)) -> 0.72 | Z19: =IF(X19="","",IF(X19>=80,"A",IF(X19>=70,"B",IF(X19>=60,"C",IF(X19>=50,"D","F"))))) -> B | AA19: =IF(Z19="","",IFERROR(INDEX({"Excellent work in ","Very good work in ","Satisfactory work in ","Fair work in ","Below the expected level in "},MATCH(Z19,{"A","B","C","D","F"},0))&INDEX({"reading and writing","reading, writing and speaking","problem solving","concepts and practicals","content knowledge","practical work and knowledge","values and participation","religious knowledge and participation","fitness and participation","practical skills","recording of accounts","office practice"},MATCH($E19,{"English","Setswana","Mathematics","Science","Social Studies","Agriculture","Moral Education","Religious Education","Physical Education","Home Economics","Commerce (Accounting)","Commerce (Office Procedures)"},0))&INDEX({"; keep it up.","; aim higher.","; keep practising.","; extra practice is needed.","; urgent support is needed."},MATCH(Z19,{"A","B","C","D","F"},0)),"")) -> Very good work in content knowledge; aim higher.
E20: Agriculture | F20: Mr. Segwabe | G20: 64 | H20: 68 | I20: 78 | J20: =IF(COUNT(G20:I20)=0,"",AVERAGE(G20:I20)) -> 70 | K20: =IF(J20="","",ROUND(J20/100,4)) -> 0.7 | L20: =IF(J20="","",IF(J20>=80,"A",IF(J20>=70,"B",IF(J20>=60,"C",IF(J20>=50,"D","F"))))) -> B | M20: =IF(L20="","",IFERROR(INDEX({"Excellent work in ","Very good work in ","Satisfactory work in ","Fair work in ","Below the expected level in "},MATCH(L20,{"A","B","C","D","F"},0))&INDEX({"reading and writing","reading, writing and speaking","problem solving","concepts and practicals","content knowledge","practical work and knowledge","values and participation","religious knowledge and participation","fitness and participation","practical skills","recording of accounts","office practice"},MATCH($E20,{"English","Setswana","Mathematics","Science","Social Studies","Agriculture","Moral Education","Religious Education","Physical Education","Home Economics","Commerce (Accounting)","Commerce (Office Procedures)"},0))&INDEX({"; keep it up.","; aim higher.","; keep practising.","; extra practice is needed.","; urgent support is needed."},MATCH(L20,{"A","B","C","D","F"},0)),"")) -> Very good work in practical work and knowledge; aim higher. | N20: 64 | O20: 79 | P20: 77 | Q20: =IF(COUNT(N20:P20)=0,"",AVERAGE(N20:P20)) -> 73.333333 | R20: =IF(Q20="","",ROUND(Q20/100,4)) -> 0.7333 | S20: =IF(Q20="","",IF(Q20>=80,"A",IF(Q20>=70,"B",IF(Q20>=60,"C",IF(Q20>=50,"D","F"))))) -> B | T20: =IF(S20="","",IFERROR(INDEX({"Excellent work in ","Very good work in ","Satisfactory work in ","Fair work in ","Below the expected level in "},MATCH(S20,{"A","B","C","D","F"},0))&INDEX({"reading and writing","reading, writing and speaking","problem solving","concepts and practicals","content knowledge","practical work and knowledge","values and participation","religious knowledge and participation","fitness and participation","practical skills","recording of accounts","office practice"},MATCH($E20,{"English","Setswana","Mathematics","Science","Social Studies","Agriculture","Moral Education","Religious Education","Physical Education","Home Economics","Commerce (Accounting)","Commerce (Office Procedures)"},0))&INDEX({"; keep it up.","; aim higher.","; keep practising.","; extra practice is needed.","; urgent support is needed."},MATCH(S20,{"A","B","C","D","F"},0)),"")) -> Very good work in practical work and knowledge; aim higher. | U20: 79 | V20: 80 | W20: 78 | X20: =IF(COUNT(U20:W20)=0,"",AVERAGE(U20:W20)) -> 79 | Y20: =IF(X20="","",ROUND(X20/100,4)) -> 0.79 | Z20: =IF(X20="","",IF(X20>=80,"A",IF(X20>=70,"B",IF(X20>=60,"C",IF(X20>=50,"D","F"))))) -> B | AA20: =IF(Z20="","",IFERROR(INDEX({"Excellent work in ","Very good work in ","Satisfactory work in ","Fair work in ","Below the expected level in "},MATCH(Z20,{"A","B","C","D","F"},0))&INDEX({"reading and writing","reading, writing and speaking","problem solving","concepts and practicals","content knowledge","practical work and knowledge","values and participation","religious knowledge and participation","fitness and participation","practical skills","recording of accounts","office practice"},MATCH($E20,{"English","Setswana","Mathematics","Science","Social Studies","Agriculture","Moral Education","Religious Education","Physical Education","Home Economics","Commerce (Accounting)","Commerce (Office Procedures)"},0))&INDEX({"; keep it up.","; aim higher.","; keep practising.","; extra practice is needed.","; urgent support is needed."},MATCH(Z20,{"A","B","C","D","F"},0)),"")) -> Very good work in practical work and knowledge; aim higher.
E21: Moral Education | F21: Ms. Rakgoathe | G21: 67 | H21: 67 | I21: 58 | J21: =IF(COUNT(G21:I21)=0,"",AVERAGE(G21:I21)) -> 64 | K21: =IF(J21="","",ROUND(J21/100,4)) -> 0.64 | L21: =IF(J21="","",IF(J21>=80,"A",IF(J21>=70,"B",IF(J21>=60,"C",IF(J21>=50,"D","F"))))) -> C | M21: =IF(L21="","",IFERROR(INDEX({"Excellent work in ","Very good work in ","Satisfactory work in ","Fair work in ","Below the expected level in "},MATCH(L21,{"A","B","C","D","F"},0))&INDEX({"reading and writing","reading, writing and speaking","problem solving","concepts and practicals","content knowledge","practical work and knowledge","values and participation","religious knowledge and participation","fitness and participation","practical skills","recording of accounts","office practice"},MATCH($E21,{"English","Setswana","Mathematics","Science","Social Studies","Agriculture","Moral Education","Religious Education","Physical Education","Home Economics","Commerce (Accounting)","Commerce (Office Procedures)"},0))&INDEX({"; keep it up.","; aim higher.","; keep practising.","; extra practice is needed.","; urgent support is needed."},MATCH(L21,{"A","B","C","D","F"},0)),"")) -> Satisfactory work in values and participation; keep practising. | N21: 61 | O21: 60 | P21: 69 | Q21: =IF(COUNT(N21:P21)=0,"",AVERAGE(N21:P21)) -> 63.333333 | R21: =IF(Q21="","",ROUND(Q21/100,4)) -> 0.6333 | S21: =IF(Q21="","",IF(Q21>=80,"A",IF(Q21>=70,"B",IF(Q21>=60,"C",IF(Q21>=50,"D","F"))))) -> C | T21: =IF(S21="","",IFERROR(INDEX({"Excellent work in ","Very good work in ","Satisfactory work in ","Fair work in ","Below the expected level in "},MATCH(S21,{"A","B","C","D","F"},0))&INDEX({"reading and writing","reading, writing and speaking","problem solving","concepts and practicals","content knowledge","practical work and knowledge","values and participation","religious knowledge and participation","fitness and participation","practical skills","recording of accounts","office practice"},MATCH($E21,{"English","Setswana","Mathematics","Science","Social Studies","Agriculture","Moral Education","Religious Education","Physical Education","Home Economics","Commerce (Accounting)","Commerce (Office Procedures)"},0))&INDEX({"; keep it up.","; aim higher.","; keep practising.","; extra practice is needed.","; urgent support is needed."},MATCH(S21,{"A","B","C","D","F"},0)),"")) -> Satisfactory work in values and participation; keep practising. | U21: 67 | V21: 67 | W21: 65 | X21: =IF(COUNT(U21:W21)=0,"",AVERAGE(U21:W21)) -> 66.333333 | Y21: =IF(X21="","",ROUND(X21/100,4)) -> 0.6633 | Z21: =IF(X21="","",IF(X21>=80,"A",IF(X21>=70,"B",IF(X21>=60,"C",IF(X21>=50,"D","F"))))) -> C | AA21: =IF(Z21="","",IFERROR(INDEX({"Excellent work in ","Very good work in ","Satisfactory work in ","Fair work in ","Below the expected level in "},MATCH(Z21,{"A","B","C","D","F"},0))&INDEX({"reading and writing","reading, writing and speaking","problem solving","concepts and practicals","content knowledge","practical work and knowledge","values and participation","religious knowledge and participation","fitness and participation","practical skills","recording of accounts","office practice"},MATCH($E21,{"English","Setswana","Mathematics","Science","Social Studies","Agriculture","Moral Education","Religious Education","Physical Education","Home Economics","Commerce (Accounting)","Commerce (Office Procedures)"},0))&INDEX({"; keep it up.","; aim higher.","; keep practising.","; extra practice is needed.","; urgent support is needed."},MATCH(Z21,{"A","B","C","D","F"},0)),"")) -> Satisfactory work in values and participation; keep practising.
E22: Home Economics | F22: Ms. Tau | G22: 66 | H22: 69 | I22: 74 | J22: =IF(COUNT(G22:I22)=0,"",AVERAGE(G22:I22)) -> 69.666667 | K22: =IF(J22="","",ROUND(J22/100,4)) -> 0.6967 | L22: =IF(J22="","",IF(J22>=80,"A",IF(J22>=70,"B",IF(J22>=60,"C",IF(J22>=50,"D","F"))))) -> C | M22: =IF(L22="","",IFERROR(INDEX({"Excellent work in ","Very good work in ","Satisfactory work in ","Fair work in ","Below the expected level in "},MATCH(L22,{"A","B","C","D","F"},0))&INDEX({"reading and writing","reading, writing and speaking","problem solving","concepts and practicals","content knowledge","practical work and knowledge","values and participation","religious knowledge and participation","fitness and participation","practical skills","recording of accounts","office practice"},MATCH($E22,{"English","Setswana","Mathematics","Science","Social Studies","Agriculture","Moral Education","Religious Education","Physical Education","Home Economics","Commerce (Accounting)","Commerce (Office Procedures)"},0))&INDEX({"; keep it up.","; aim higher.","; keep practising.","; extra practice is needed.","; urgent support is needed."},MATCH(L22,{"A","B","C","D","F"},0)),"")) -> Satisfactory work in practical skills; keep practising. | N22: 70 | O22: 72 | P22: 67 | Q22: =IF(COUNT(N22:P22)=0,"",AVERAGE(N22:P22)) -> 69.666667 | R22: =IF(Q22="","",ROUND(Q22/100,4)) -> 0.6967 | S22: =IF(Q22="","",IF(Q22>=80,"A",IF(Q22>=70,"B",IF(Q22>=60,"C",IF(Q22>=50,"D","F"))))) -> C | T22: =IF(S22="","",IFERROR(INDEX({"Excellent work in ","Very good work in ","Satisfactory work in ","Fair work in ","Below the expected level in "},MATCH(S22,{"A","B","C","D","F"},0))&INDEX({"reading and writing","reading, writing and speaking","problem solving","concepts and practicals","content knowledge","practical work and knowledge","values and participation","religious knowledge and participation","fitness and participation","practical skills","recording of accounts","office practice"},MATCH($E22,{"English","Setswana","Mathematics","Science","Social Studies","Agriculture","Moral Education","Religious Education","Physical Education","Home Economics","Commerce (Accounting)","Commerce (Office Procedures)"},0))&INDEX({"; keep it up.","; aim higher.","; keep practising.","; extra practice is needed.","; urgent support is needed."},MATCH(S22,{"A","B","C","D","F"},0)),"")) -> Satisfactory work in practical skills; keep practising. | U22: 74 | V22: 68 | W22: 79 | X22: =IF(COUNT(U22:W22)=0,"",AVERAGE(U22:W22)) -> 73.666667 | Y22: =IF(X22="","",ROUND(X22/100,4)) -> 0.7367 | Z22: =IF(X22="","",IF(X22>=80,"A",IF(X22>=70,"B",IF(X22>=60,"C",IF(X22>=50,"D","F"))))) -> B | AA22: =IF(Z22="","",IFERROR(INDEX({"Excellent work in ","Very good work in ","Satisfactory work in ","Fair work in ","Below the expected level in "},MATCH(Z22,{"A","B","C","D","F"},0))&INDEX({"reading and writing","reading, writing and speaking","problem solving","concepts and practicals","content knowledge","practical work and knowledge","values and participation","religious knowledge and participation","fitness and participation","practical skills","recording of accounts","office practice"},MATCH($E22,{"English","Setswana","Mathematics","Science","Social Studies","Agriculture","Moral Education","Religious Education","Physical Education","Home Economics","Commerce (Accounting)","Commerce (Office Procedures)"},0))&INDEX({"; keep it up.","; aim higher.","; keep practising.","; extra practice is needed.","; urgent support is needed."},MATCH(Z22,{"A","B","C","D","F"},0)),"")) -> Very good work in practical skills; aim higher.
E23: Commerce (Office Procedures) | F23: Ms. Phiri | G23: 65 | H23: 57 | I23: 63 | J23: =IF(COUNT(G23:I23)=0,"",AVERAGE(G23:I23)) -> 61.666667 | K23: =IF(J23="","",ROUND(J23/100,4)) -> 0.6167 | L23: =IF(J23="","",IF(J23>=80,"A",IF(J23>=70,"B",IF(J23>=60,"C",IF(J23>=50,"D","F"))))) -> C | M23: =IF(L23="","",IFERROR(INDEX({"Excellent work in ","Very good work in ","Satisfactory work in ","Fair work in ","Below the expected level in "},MATCH(L23,{"A","B","C","D","F"},0))&INDEX({"reading and writing","reading, writing and speaking","problem solving","concepts and practicals","content knowledge","practical work and knowledge","values and participation","religious knowledge and participation","fitness and participation","practical skills","recording of accounts","office practice"},MATCH($E23,{"English","Setswana","Mathematics","Science","Social Studies","Agriculture","Moral Education","Religious Education","Physical Education","Home Economics","Commerce (Accounting)","Commerce (Office Procedures)"},0))&INDEX({"; keep it up.","; aim higher.","; keep practising.","; extra practice is needed.","; urgent support is needed."},MATCH(L23,{"A","B","C","D","F"},0)),"")) -> Satisfactory work in office practice; keep practising. | N23: 67 | O23: 57 | P23: 62 | Q23: =IF(COUNT(N23:P23)=0,"",AVERAGE(N23:P23)) -> 62 | R23: =IF(Q23="","",ROUND(Q23/100,4)) -> 0.62 | S23: =IF(Q23="","",IF(Q23>=80,"A",IF(Q23>=70,"B",IF(Q23>=60,"C",IF(Q23>=50,"D","F"))))) -> C | T23: =IF(S23="","",IFERROR(INDEX({"Excellent work in ","Very good work in ","Satisfactory work in ","Fair work in ","Below the expected level in "},MATCH(S23,{"A","B","C","D","F"},0))&INDEX({"reading and writing","reading, writing and speaking","problem solving","concepts and practicals","content knowledge","practical work and knowledge","values and participation","religious knowledge and participation","fitness and participation","practical skills","recording of accounts","office practice"},MATCH($E23,{"English","Setswana","Mathematics","Science","Social Studies","Agriculture","Moral Education","Religious Education","Physical Education","Home Economics","Commerce (Accounting)","Commerce (Office Procedures)"},0))&INDEX({"; keep it up.","; aim higher.","; keep practising.","; extra practice is needed.","; urgent support is needed."},MATCH(S23,{"A","B","C","D","F"},0)),"")) -> Satisfactory work in office practice; keep practising. | U23: 66 | V23: 68 | W23: 64 | X23: =IF(COUNT(U23:W23)=0,"",AVERAGE(U23:W23)) -> 66 | Y23: =IF(X23="","",ROUND(X23/100,4)) -> 0.66 | Z23: =IF(X23="","",IF(X23>=80,"A",IF(X23>=70,"B",IF(X23>=60,"C",IF(X23>=50,"D","F"))))) -> C | AA23: =IF(Z23="","",IFERROR(INDEX({"Excellent work in ","Very good work in ","Satisfactory work in ","Fair work in ","Below the expected level in "},MATCH(Z23,{"A","B","C","D","F"},0))&INDEX({"reading and writing","reading, writing and speaking","problem solving","concepts and practicals","content knowledge","practical work and knowledge","values and participation","religious knowledge and participation","fitness and participation","practical skills","recording of accounts","office practice"},MATCH($E23,{"English","Setswana","Mathematics","Science","Social Studies","Agriculture","Moral Education","Religious Education","Physical Education","Home Economics","Commerce (Accounting)","Commerce (Office Procedures)"},0))&INDEX({"; keep it up.","; aim higher.","; keep practising.","; extra practice is needed.","; urgent support is needed."},MATCH(Z23,{"A","B","C","D","F"},0)),"")) -> Satisfactory work in office practice; keep practising.
A24: STU003 | B24: Tumelo Segwabe | C24: 1A | D24: Boarder | E24: English | F24: Mr. Sebina | G24: 64 | H24: 62 | I24: 69 | J24: =IF(COUNT(G24:I24)=0,"",AVERAGE(G24:I24)) -> 65 | K24: =IF(J24="","",ROUND(J24/100,4)) -> 0.65 | L24: =IF(J24="","",IF(J24>=80,"A",IF(J24>=70,"B",IF(J24>=60,"C",IF(J24>=50,"D","F"))))) -> C | M24: =IF(L24="","",IFERROR(INDEX({"Excellent work in ","Very good work in ","Satisfactory work in ","Fair work in ","Below the expected level in "},MATCH(L24,{"A","B","C","D","F"},0))&INDEX({"reading and writing","reading, writing and speaking","problem solving","concepts and practicals","content knowledge","practical work and knowledge","values and participation","religious knowledge and participation","fitness and participation","practical skills","recording of accounts","office practice"},MATCH($E24,{"English","Setswana","Mathematics","Science","Social Studies","Agriculture","Moral Education","Religious Education","Physical Education","Home Economics","Commerce (Accounting)","Commerce (Office Procedures)"},0))&INDEX({"; keep it up.","; aim higher.","; keep practising.","; extra practice is needed.","; urgent support is needed."},MATCH(L24,{"A","B","C","D","F"},0)),"")) -> Satisfactory work in reading and writing; keep practising. | N24: 67 | O24: 74 | P24: 65 | Q24: =IF(COUNT(N24:P24)=0,"",AVERAGE(N24:P24)) -> 68.666667 | R24: =IF(Q24="","",ROUND(Q24/100,4)) -> 0.6867 | S24: =IF(Q24="","",IF(Q24>=80,"A",IF(Q24>=70,"B",IF(Q24>=60,"C",IF(Q24>=50,"D","F"))))) -> C | T24: =IF(S24="","",IFERROR(INDEX({"Excellent work in ","Very good work in ","Satisfactory work in ","Fair work in ","Below the expected level in "},MATCH(S24,{"A","B","C","D","F"},0))&INDEX({"reading and writing","reading, writing and speaking","problem solving","concepts and practicals","content knowledge","practical work and knowledge","values and participation","religious knowledge and participation","fitness and participation","practical skills","recording of accounts","office practice"},MATCH($E24,{"English","Setswana","Mathematics","Science","Social Studies","Agriculture","Moral Education","Religious Education","Physical Education","Home Economics","Commerce (Accounting)","Commerce (Office Procedures)"},0))&INDEX({"; keep it up.","; aim higher.","; keep practising.","; extra practice is needed.","; urgent support is needed."},MATCH(S24,{"A","B","C","D","F"},0)),"")) -> Satisfactory work in reading and writing; keep practising. | U24: 75 | V24: 73 | W24: 68 | X24: =IF(COUNT(U24:W24)=0,"",AVERAGE(U24:W24)) -> 72 | Y24: =IF(X24="","",ROUND(X24/100,4)) -> 0.72 | Z24: =IF(X24="","",IF(X24>=80,"A",IF(X24>=70,"B",IF(X24>=60,"C",IF(X24>=50,"D","F"))))) -> B | AA24: =IF(Z24="","",IFERROR(INDEX({"Excellent work in ","Very good work in ","Satisfactory work in ","Fair work in ","Below the expected level in "},MATCH(Z24,{"A","B","C","D","F"},0))&INDEX({"reading and writing","reading, writing and speaking","problem solving","concepts and practicals","content knowledge","practical work and knowledge","values and participation","religious knowledge and participation","fitness and participation","practical skills","recording of accounts","office practice"},MATCH($E24,{"English","Setswana","Mathematics","Science","Social Studies","Agriculture","Moral Education","Religious Education","Physical Education","Home Economics","Commerce (Accounting)","Commerce (Office Procedures)"},0))&INDEX({"; keep it up.","; aim higher.","; keep practising.","; extra practice is needed.","; urgent support is needed."},MATCH(Z24,{"A","B","C","D","F"},0)),"")) -> Very good work in reading and writing; aim higher.
E25: Setswana | F25: Ms. Mmolawa | G25: 76 | H25: 68 | I25: 74 | J25: =IF(COUNT(G25:I25)=0,"",AVERAGE(G25:I25)) -> 72.666667 | K25: =IF(J25="","",ROUND(J25/100,4)) -> 0.7267 | L25: =IF(J25="","",IF(J25>=80,"A",IF(J25>=70,"B",IF(J25>=60,"C",IF(J25>=50,"D","F"))))) -> B | M25: =IF(L25="","",IFERROR(INDEX({"Excellent work in ","Very good work in ","Satisfactory work in ","Fair work in ","Below the expected level in "},MATCH(L25,{"A","B","C","D","F"},0))&INDEX({"reading and writing","reading, writing and speaking","problem solving","concepts and practicals","content knowledge","practical work and knowledge","values and participation","religious knowledge and participation","fitness and participation","practical skills","recording of accounts","office practice"},MATCH($E25,{"English","Setswana","Mathematics","Science","Social Studies","Agriculture","Moral Education","Religious Education","Physical Education","Home Economics","Commerce (Accounting)","Commerce (Office Procedures)"},0))&INDEX({"; keep it up.","; aim higher.","; keep practising.","; extra practice is needed.","; urgent support is needed."},MATCH(L25,{"A","B","C","D","F"},0)),"")) -> Very good work in reading, writing and speaking; aim higher. | N25: 65 | O25: 71 | P25: 77 | Q25: =IF(COUNT(N25:P25)=0,"",AVERAGE(N25:P25)) -> 71 | R25: =IF(Q25="","",ROUND(Q25/100,4)) -> 0.71 | S25: =IF(Q25="","",IF(Q25>=80,"A",IF(Q25>=70,"B",IF(Q25>=60,"C",IF(Q25>=50,"D","F"))))) -> B | T25: =IF(S25="","",IFERROR(INDEX({"Excellent work in ","Very good work in ","Satisfactory work in ","Fair work in ","Below the expected level in "},MATCH(S25,{"A","B","C","D","F"},0))&INDEX({"reading and writing","reading, writing and speaking","problem solving","concepts and practicals","content knowledge","practical work and knowledge","values and participation","religious knowledge and participation","fitness and participation","practical skills","recording of accounts","office practice"},MATCH($E25,{"English","Setswana","Mathematics","Science","Social Studies","Agriculture","Moral Education","Religious Education","Physical Education","Home Economics","Commerce (Accounting)","Commerce (Office Procedures)"},0))&INDEX({"; keep it up.","; aim higher.","; keep practising.","; extra practice is needed.","; urgent support is needed."},MATCH(S25,{"A","B","C","D","F"},0)),"")) -> Very good work in reading, writing and speaking; aim higher. | U25: 77 | V25: 70 | W25: 81 | X25: =IF(COUNT(U25:W25)=0,"",AVERAGE(U25:W25)) -> 76 | Y25: =IF(X25="","",ROUND(X25/100,4)) -> 0.76 | Z25: =IF(X25="","",IF(X25>=80,"A",IF(X25>=70,"B",IF(X25>=60,"C",IF(X25>=50,"D","F"))))) -> B | AA25: =IF(Z25="","",IFERROR(INDEX({"Excellent work in ","Very good work in ","Satisfactory work in ","Fair work in ","Below the expected level in "},MATCH(Z25,{"A","B","C","D","F"},0))&INDEX({"reading and writing","reading, writing and speaking","problem solving","concepts and practicals","content knowledge","practical work and knowledge","values and participation","religious knowledge and participation","fitness and participation","practical skills","recording of accounts","office practice"},MATCH($E25,{"English","Setswana","Mathematics","Science","Social Studies","Agriculture","Moral Education","Religious Education","Physical Education","Home Economics","Commerce (Accounting)","Commerce (Office Procedures)"},0))&INDEX({"; keep it up.","; aim higher.","; keep practising.","; extra practice is needed.","; urgent support is needed."},MATCH(Z25,{"A","B","C","D","F"},0)),"")) -> Very good work in reading, writing and speaking; aim higher.
E26: Mathematics | F26: Ms. Moeng | G26: 74 | H26: 72 | I26: 77 | J26: =IF(COUNT(G26:I26)=0,"",AVERAGE(G26:I26)) -> 74.333333 | K26: =IF(J26="","",ROUND(J26/100,4)) -> 0.7433 | L26: =IF(J26="","",IF(J26>=80,"A",IF(J26>=70,"B",IF(J26>=60,"C",IF(J26>=50,"D","F"))))) -> B | M26: =IF(L26="","",IFERROR(INDEX({"Excellent work in ","Very good work in ","Satisfactory work in ","Fair work in ","Below the expected level in "},MATCH(L26,{"A","B","C","D","F"},0))&INDEX({"reading and writing","reading, writing and speaking","problem solving","concepts and practicals","content knowledge","practical work and knowledge","values and participation","religious knowledge and participation","fitness and participation","practical skills","recording of accounts","office practice"},MATCH($E26,{"English","Setswana","Mathematics","Science","Social Studies","Agriculture","Moral Education","Religious Education","Physical Education","Home Economics","Commerce (Accounting)","Commerce (Office Procedures)"},0))&INDEX({"; keep it up.","; aim higher.","; keep practising.","; extra practice is needed.","; urgent support is needed."},MATCH(L26,{"A","B","C","D","F"},0)),"")) -> Very good work in problem solving; aim higher. | N26: 73 | O26: 81 | P26: 82 | Q26: =IF(COUNT(N26:P26)=0,"",AVERAGE(N26:P26)) -> 78.666667 | R26: =IF(Q26="","",ROUND(Q26/100,4)) -> 0.7867 | S26: =IF(Q26="","",IF(Q26>=80,"A",IF(Q26>=70,"B",IF(Q26>=60,"C",IF(Q26>=50,"D","F"))))) -> B | T26: =IF(S26="","",IFERROR(INDEX({"Excellent work in ","Very good work in ","Satisfactory work in ","Fair work in ","Below the expected level in "},MATCH(S26,{"A","B","C","D","F"},0))&INDEX({"reading and writing","reading, writing and speaking","problem solving","concepts and practicals","content knowledge","practical work and knowledge","values and participation","religious knowledge and participation","fitness and participation","practical skills","recording of accounts","office practice"},MATCH($E26,{"English","Setswana","Mathematics","Science","Social Studies","Agriculture","Moral Education","Religious Education","Physical Education","Home Economics","Commerce (Accounting)","Commerce (Office Procedures)"},0))&INDEX({"; keep it up.","; aim higher.","; keep practising.","; extra practice is needed.","; urgent support is needed."},MATCH(S26,{"A","B","C","D","F"},0)),"")) -> Very good work in problem solving; aim higher. | U26: 79 | V26: 85 | W26: 79 | X26: =IF(COUNT(U26:W26)=0,"",AVERAGE(U26:W26)) -> 81 | Y26: =IF(X26="","",ROUND(X26/100,4)) -> 0.81 | Z26: =IF(X26="","",IF(X26>=80,"A",IF(X26>=70,"B",IF(X26>=60,"C",IF(X26>=50,"D","F"))))) -> A | AA26: =IF(Z26="","",IFERROR(INDEX({"Excellent work in ","Very good work in ","Satisfactory work in ","Fair work in ","Below the expected level in "},MATCH(Z26,{"A","B","C","D","F"},0))&INDEX({"reading and writing","reading, writing and speaking","problem solving","concepts and practicals","content knowledge","practical work and knowledge","values and participation","religious knowledge and participation","fitness and participation","practical skills","recording of accounts","office practice"},MATCH($E26,{"English","Setswana","Mathematics","Science","Social Studies","Agriculture","Moral Education","Religious Education","Physical Education","Home Economics","Commerce (Accounting)","Commerce (Office Procedures)"},0))&INDEX({"; keep it up.","; aim higher.","; keep practising.","; extra practice is needed.","; urgent support is needed."},MATCH(Z26,{"A","B","C","D","F"},0)),"")) -> Excellent work in problem solving; keep it up.
E27: Science | F27: Mr. Tumagole | G27: 60 | H27: 75 | I27: 72 | J27: =IF(COUNT(G27:I27)=0,"",AVERAGE(G27:I27)) -> 69 | K27: =IF(J27="","",ROUND(J27/100,4)) -> 0.69 | L27: =IF(J27="","",IF(J27>=80,"A",IF(J27>=70,"B",IF(J27>=60,"C",IF(J27>=50,"D","F"))))) -> C | M27: =IF(L27="","",IFERROR(INDEX({"Excellent work in ","Very good work in ","Satisfactory work in ","Fair work in ","Below the expected level in "},MATCH(L27,{"A","B","C","D","F"},0))&INDEX({"reading and writing","reading, writing and speaking","problem solving","concepts and practicals","content knowledge","practical work and knowledge","values and participation","religious knowledge and participation","fitness and participation","practical skills","recording of accounts","office practice"},MATCH($E27,{"English","Setswana","Mathematics","Science","Social Studies","Agriculture","Moral Education","Religious Education","Physical Education","Home Economics","Commerce (Accounting)","Commerce (Office Procedures)"},0))&INDEX({"; keep it up.","; aim higher.","; keep practising.","; extra practice is needed.","; urgent support is needed."},MATCH(L27,{"A","B","C","D","F"},0)),"")) -> Satisfactory work in concepts and practicals; keep practising. | N27: 70 | O27: 76 | P27: 63 | Q27: =IF(COUNT(N27:P27)=0,"",AVERAGE(N27:P27)) -> 69.666667 | R27: =IF(Q27="","",ROUND(Q27/100,4)) -> 0.6967 | S27: =IF(Q27="","",IF(Q27>=80,"A",IF(Q27>=70,"B",IF(Q27>=60,"C",IF(Q27>=50,"D","F"))))) -> C | T27: =IF(S27="","",IFERROR(INDEX({"Excellent work in ","Very good work in ","Satisfactory work in ","Fair work in ","Below the expected level in "},MATCH(S27,{"A","B","C","D","F"},0))&INDEX({"reading and writing","reading, writing and speaking","problem solving","concepts and practicals","content knowledge","practical work and knowledge","values and participation","religious knowledge and participation","fitness and participation","practical skills","recording of accounts","office practice"},MATCH($E27,{"English","Setswana","Mathematics","Science","Social Studies","Agriculture","Moral Education","Religious Education","Physical Education","Home Economics","Commerce (Accounting)","Commerce (Office Procedures)"},0))&INDEX({"; keep it up.","; aim higher.","; keep practising.","; extra practice is needed.","; urgent support is needed."},MATCH(S27,{"A","B","C","D","F"},0)),"")) -> Satisfactory work in concepts and practicals; keep practising. | U27: 74 | V27: 77 | W27: 67 | X27: =IF(COUNT(U27:W27)=0,"",AVERAGE(U27:W27)) -> 72.666667 | Y27: =IF(X27="","",ROUND(X27/100,4)) -> 0.7267 | Z27: =IF(X27="","",IF(X27>=80,"A",IF(X27>=70,"B",IF(X27>=60,"C",IF(X27>=50,"D","F"))))) -> B | AA27: =IF(Z27="","",IFERROR(INDEX({"Excellent work in ","Very good work in ","Satisfactory work in ","Fair work in ","Below the expected level in "},MATCH(Z27,{"A","B","C","D","F"},0))&INDEX({"reading and writing","reading, writing and speaking","problem solving","concepts and practicals","content knowledge","practical work and knowledge","values and participation","religious knowledge and participation","fitness and participation","practical skills","recording of accounts","office practice"},MATCH($E27,{"English","Setswana","Mathematics","Science","Social Studies","Agriculture","Moral Education","Religious Education","Physical Education","Home Economics","Commerce (Accounting)","Commerce (Office Procedures)"},0))&INDEX({"; keep it up.","; aim higher.","; keep practising.","; extra practice is needed.","; urgent support is needed."},MATCH(Z27,{"A","B","C","D","F"},0)),"")) -> Very good work in concepts and practicals; aim higher.
E28: Social Studies | F28: Mr. Nthoiwa | G28: 75 | H28: 67 | I28: 79 | J28: =IF(COUNT(G28:I28)=0,"",AVERAGE(G28:I28)) -> 73.666667 | K28: =IF(J28="","",ROUND(J28/100,4)) -> 0.7367 | L28: =IF(J28="","",IF(J28>=80,"A",IF(J28>=70,"B",IF(J28>=60,"C",IF(J28>=50,"D","F"))))) -> B | M28: =IF(L28="","",IFERROR(INDEX({"Excellent work in ","Very good work in ","Satisfactory work in ","Fair work in ","Below the expected level in "},MATCH(L28,{"A","B","C","D","F"},0))&INDEX({"reading and writing","reading, writing and speaking","problem solving","concepts and practicals","content knowledge","practical work and knowledge","values and participation","religious knowledge and participation","fitness and participation","practical skills","recording of accounts","office practice"},MATCH($E28,{"English","Setswana","Mathematics","Science","Social Studies","Agriculture","Moral Education","Religious Education","Physical Education","Home Economics","Commerce (Accounting)","Commerce (Office Procedures)"},0))&INDEX({"; keep it up.","; aim higher.","; keep practising.","; extra practice is needed.","; urgent support is needed."},MATCH(L28,{"A","B","C","D","F"},0)),"")) -> Very good work in content knowledge; aim higher. | N28: 80 | O28: 81 | P28: 70 | Q28: =IF(COUNT(N28:P28)=0,"",AVERAGE(N28:P28)) -> 77 | R28: =IF(Q28="","",ROUND(Q28/100,4)) -> 0.77 | S28: =IF(Q28="","",IF(Q28>=80,"A",IF(Q28>=70,"B",IF(Q28>=60,"C",IF(Q28>=50,"D","F"))))) -> B | T28: =IF(S28="","",IFERROR(INDEX({"Excellent work in ","Very good work in ","Satisfactory work in ","Fair work in ","Below the expected level in "},MATCH(S28,{"A","B","C","D","F"},0))&INDEX({"reading and writing","reading, writing and speaking","problem solving","concepts and practicals","content knowledge","practical work and knowledge","values and participation","religious knowledge and participation","fitness and participation","practical skills","recording of accounts","office practice"},MATCH($E28,{"English","Setswana","Mathematics","Science","Social Studies","Agriculture","Moral Education","Religious Education","Physical Education","Home Economics","Commerce (Accounting)","Commerce (Office Procedures)"},0))&INDEX({"; keep it up.","; aim higher.","; keep practising.","; extra practice is needed.","; urgent support is needed."},MATCH(S28,{"A","B","C","D","F"},0)),"")) -> Very good work in content knowledge; aim higher. | U28: 80 | V28: 80 | W28: 85 | X28: =IF(COUNT(U28:W28)=0,"",AVERAGE(U28:W28)) -> 81.666667 | Y28: =IF(X28="","",ROUND(X28/100,4)) -> 0.8167 | Z28: =IF(X28="","",IF(X28>=80,"A",IF(X28>=70,"B",IF(X28>=60,"C",IF(X28>=50,"D","F"))))) -> A | AA28: =IF(Z28="","",IFERROR(INDEX({"Excellent work in ","Very good work in ","Satisfactory work in ","Fair work in ","Below the expected level in "},MATCH(Z28,{"A","B","C","D","F"},0))&INDEX({"reading and writing","reading, writing and speaking","problem solving","concepts and practicals","content knowledge","practical work and knowledge","values and participation","religious knowledge and participation","fitness and participation","practical skills","recording of accounts","office practice"},MATCH($E28,{"English","Setswana","Mathematics","Science","Social Studies","Agriculture","Moral Education","Religious Education","Physical Education","Home Economics","Commerce (Accounting)","Commerce (Office Procedures)"},0))&INDEX({"; keep it up.","; aim higher.","; keep practising.","; extra practice is needed.","; urgent support is needed."},MATCH(Z28,{"A","B","C","D","F"},0)),"")) -> Excellent work in content knowledge; keep it up.
E29: Agriculture | F29: Mr. Segwabe | G29: 77 | H29: 75 | I29: 74 | J29: =IF(COUNT(G29:I29)=0,"",AVERAGE(G29:I29)) -> 75.333333 | K29: =IF(J29="","",ROUND(J29/100,4)) -> 0.7533 | L29: =IF(J29="","",IF(J29>=80,"A",IF(J29>=70,"B",IF(J29>=60,"C",IF(J29>=50,"D","F"))))) -> B | M29: =IF(L29="","",IFERROR(INDEX({"Excellent work in ","Very good work in ","Satisfactory work in ","Fair work in ","Below the expected level in "},MATCH(L29,{"A","B","C","D","F"},0))&INDEX({"reading and writing","reading, writing and speaking","problem solving","concepts and practicals","content knowledge","practical work and knowledge","values and participation","religious knowledge and participation","fitness and participation","practical skills","recording of accounts","office practice"},MATCH($E29,{"English","Setswana","Mathematics","Science","Social Studies","Agriculture","Moral Education","Religious Education","Physical Education","Home Economics","Commerce (Accounting)","Commerce (Office Procedures)"},0))&INDEX({"; keep it up.","; aim higher.","; keep practising.","; extra practice is needed.","; urgent support is needed."},MATCH(L29,{"A","B","C","D","F"},0)),"")) -> Very good work in practical work and knowledge; aim higher. | N29: 75 | O29: 81 | P29: 83 | Q29: =IF(COUNT(N29:P29)=0,"",AVERAGE(N29:P29)) -> 79.666667 | R29: =IF(Q29="","",ROUND(Q29/100,4)) -> 0.7967 | S29: =IF(Q29="","",IF(Q29>=80,"A",IF(Q29>=70,"B",IF(Q29>=60,"C",IF(Q29>=50,"D","F"))))) -> B | T29: =IF(S29="","",IFERROR(INDEX({"Excellent work in ","Very good work in ","Satisfactory work in ","Fair work in ","Below the expected level in "},MATCH(S29,{"A","B","C","D","F"},0))&INDEX({"reading and writing","reading, writing and speaking","problem solving","concepts and practicals","content knowledge","practical work and knowledge","values and participation","religious knowledge and participation","fitness and participation","practical skills","recording of accounts","office practice"},MATCH($E29,{"English","Setswana","Mathematics","Science","Social Studies","Agriculture","Moral Education","Religious Education","Physical Education","Home Economics","Commerce (Accounting)","Commerce (Office Procedures)"},0))&INDEX({"; keep it up.","; aim higher.","; keep practising.","; extra practice is needed.","; urgent support is needed."},MATCH(S29,{"A","B","C","D","F"},0)),"")) -> Very good work in practical work and knowledge; aim higher. | U29: 87 | V29: 90 | W29: 76 | X29: =IF(COUNT(U29:W29)=0,"",AVERAGE(U29:W29)) -> 84.333333 | Y29: =IF(X29="","",ROUND(X29/100,4)) -> 0.8433 | Z29: =IF(X29="","",IF(X29>=80,"A",IF(X29>=70,"B",IF(X29>=60,"C",IF(X29>=50,"D","F"))))) -> A | AA29: =IF(Z29="","",IFERROR(INDEX({"Excellent work in ","Very good work in ","Satisfactory work in ","Fair work in ","Below the expected level in "},MATCH(Z29,{"A","B","C","D","F"},0))&INDEX({"reading and writing","reading, writing and speaking","problem solving","concepts and practicals","content knowledge","practical work and knowledge","values and participation","religious knowledge and participation","fitness and participation","practical skills","recording of accounts","office practice"},MATCH($E29,{"English","Setswana","Mathematics","Science","Social Studies","Agriculture","Moral Education","Religious Education","Physical Education","Home Economics","Commerce (Accounting)","Commerce (Office Procedures)"},0))&INDEX({"; keep it up.","; aim higher.","; keep practising.","; extra practice is needed.","; urgent support is needed."},MATCH(Z29,{"A","B","C","D","F"},0)),"")) -> Excellent work in practical work and knowledge; keep it up.
E30: Moral Education | F30: Ms. Rakgoathe | G30: 67 | H30: 68 | I30: 67 | J30: =IF(COUNT(G30:I30)=0,"",AVERAGE(G30:I30)) -> 67.333333 | K30: =IF(J30="","",ROUND(J30/100,4)) -> 0.6733 | L30: =IF(J30="","",IF(J30>=80,"A",IF(J30>=70,"B",IF(J30>=60,"C",IF(J30>=50,"D","F"))))) -> C | M30: =IF(L30="","",IFERROR(INDEX({"Excellent work in ","Very good work in ","Satisfactory work in ","Fair work in ","Below the expected level in "},MATCH(L30,{"A","B","C","D","F"},0))&INDEX({"reading and writing","reading, writing and speaking","problem solving","concepts and practicals","content knowledge","practical work and knowledge","values and participation","religious knowledge and participation","fitness and participation","practical skills","recording of accounts","office practice"},MATCH($E30,{"English","Setswana","Mathematics","Science","Social Studies","Agriculture","Moral Education","Religious Education","Physical Education","Home Economics","Commerce (Accounting)","Commerce (Office Procedures)"},0))&INDEX({"; keep it up.","; aim higher.","; keep practising.","; extra practice is needed.","; urgent support is needed."},MATCH(L30,{"A","B","C","D","F"},0)),"")) -> Satisfactory work in values and participation; keep practising. | N30: 74 | O30: 75 | P30: 79 | Q30: =IF(COUNT(N30:P30)=0,"",AVERAGE(N30:P30)) -> 76 | R30: =IF(Q30="","",ROUND(Q30/100,4)) -> 0.76 | S30: =IF(Q30="","",IF(Q30>=80,"A",IF(Q30>=70,"B",IF(Q30>=60,"C",IF(Q30>=50,"D","F"))))) -> B | T30: =IF(S30="","",IFERROR(INDEX({"Excellent work in ","Very good work in ","Satisfactory work in ","Fair work in ","Below the expected level in "},MATCH(S30,{"A","B","C","D","F"},0))&INDEX({"reading and writing","reading, writing and speaking","problem solving","concepts and practicals","content knowledge","practical work and knowledge","values and participation","religious knowledge and participation","fitness and participation","practical skills","recording of accounts","office practice"},MATCH($E30,{"English","Setswana","Mathematics","Science","Social Studies","Agriculture","Moral Education","Religious Education","Physical Education","Home Economics","Commerce (Accounting)","Commerce (Office Procedures)"},0))&INDEX({"; keep it up.","; aim higher.","; keep practising.","; extra practice is needed.","; urgent support is needed."},MATCH(S30,{"A","B","C","D","F"},0)),"")) -> Very good work in values and participation; aim higher. | U30: 73 | V30: 71 | W30: 78 | X30: =IF(COUNT(U30:W30)=0,"",AVERAGE(U30:W30)) -> 74 | Y30: =IF(X30="","",ROUND(X30/100,4)) -> 0.74 | Z30: =IF(X30="","",IF(X30>=80,"A",IF(X30>=70,"B",IF(X30>=60,"C",IF(X30>=50,"D","F"))))) -> B | AA30: =IF(Z30="","",IFERROR(INDEX({"Excellent work in ","Very good work in ","Satisfactory work in ","Fair work in ","Below the expected level in "},MATCH(Z30,{"A","B","C","D","F"},0))&INDEX({"reading and writing","reading, writing and speaking","problem solving","concepts and practicals","content knowledge","practical work and knowledge","values and participation","religious knowledge and participation","fitness and participation","practical skills","recording of accounts","office practice"},MATCH($E30,{"English","Setswana","Mathematics","Science","Social Studies","Agriculture","Moral Education","Religious Education","Physical Education","Home Economics","Commerce (Accounting)","Commerce (Office Procedures)"},0))&INDEX({"; keep it up.","; aim higher.","; keep practising.","; extra practice is needed.","; urgent support is needed."},MATCH(Z30,{"A","B","C","D","F"},0)),"")) -> Very good work in values and participation; aim higher.
E31: Physical Education | F31: Ms. Keitshokile | G31: 66 | H31: 80 | I31: 71 | J31: =IF(COUNT(G31:I31)=0,"",AVERAGE(G31:I31)) -> 72.333333 | K31: =IF(J31="","",ROUND(J31/100,4)) -> 0.7233 | L31: =IF(J31="","",IF(J31>=80,"A",IF(J31>=70,"B",IF(J31>=60,"C",IF(J31>=50,"D","F"))))) -> B | M31: =IF(L31="","",IFERROR(INDEX({"Excellent work in ","Very good work in ","Satisfactory work in ","Fair work in ","Below the expected level in "},MATCH(L31,{"A","B","C","D","F"},0))&INDEX({"reading and writing","reading, writing and speaking","problem solving","concepts and practicals","content knowledge","practical work and knowledge","values and participation","religious knowledge and participation","fitness and participation","practical skills","recording of accounts","office practice"},MATCH($E31,{"English","Setswana","Mathematics","Science","Social Studies","Agriculture","Moral Education","Religious Education","Physical Education","Home Economics","Commerce (Accounting)","Commerce (Office Procedures)"},0))&INDEX({"; keep it up.","; aim higher.","; keep practising.","; extra practice is needed.","; urgent support is needed."},MATCH(L31,{"A","B","C","D","F"},0)),"")) -> Very good work in fitness and participation; aim higher. | N31: 68 | O31: 83 | P31: 76 | Q31: =IF(COUNT(N31:P31)=0,"",AVERAGE(N31:P31)) -> 75.666667 | R31: =IF(Q31="","",ROUND(Q31/100,4)) -> 0.7567 | S31: =IF(Q31="","",IF(Q31>=80,"A",IF(Q31>=70,"B",IF(Q31>=60,"C",IF(Q31>=50,"D","F"))))) -> B | T31: =IF(S31="","",IFERROR(INDEX({"Excellent work in ","Very good work in ","Satisfactory work in ","Fair work in ","Below the expected level in "},MATCH(S31,{"A","B","C","D","F"},0))&INDEX({"reading and writing","reading, writing and speaking","problem solving","concepts and practicals","content knowledge","practical work and knowledge","values and participation","religious knowledge and participation","fitness and participation","practical skills","recording of accounts","office practice"},MATCH($E31,{"English","Setswana","Mathematics","Science","Social Studies","Agriculture","Moral Education","Religious Education","Physical Education","Home Economics","Commerce (Accounting)","Commerce (Office Procedures)"},0))&INDEX({"; keep it up.","; aim higher.","; keep practising.","; extra practice is needed.","; urgent support is needed."},MATCH(S31,{"A","B","C","D","F"},0)),"")) -> Very good work in fitness and participation; aim higher. | U31: 71 | V31: 75 | W31: 84 | X31: =IF(COUNT(U31:W31)=0,"",AVERAGE(U31:W31)) -> 76.666667 | Y31: =IF(X31="","",ROUND(X31/100,4)) -> 0.7667 | Z31: =IF(X31="","",IF(X31>=80,"A",IF(X31>=70,"B",IF(X31>=60,"C",IF(X31>=50,"D","F"))))) -> B | AA31: =IF(Z31="","",IFERROR(INDEX({"Excellent work in ","Very good work in ","Satisfactory work in ","Fair work in ","Below the expected level in "},MATCH(Z31,{"A","B","C","D","F"},0))&INDEX({"reading and writing","reading, writing and speaking","problem solving","concepts and practicals","content knowledge","practical work and knowledge","values and participation","religious knowledge and participation","fitness and participation","practical skills","recording of accounts","office practice"},MATCH($E31,{"English","Setswana","Mathematics","Science","Social Studies","Agriculture","Moral Education","Religious Education","Physical Education","Home Economics","Commerce (Accounting)","Commerce (Office Procedures)"},0))&INDEX({"; keep it up.","; aim higher.","; keep practising.","; extra practice is needed.","; urgent support is needed."},MATCH(Z31,{"A","B","C","D","F"},0)),"")) -> Very good work in fitness and participation; aim higher.
E32: Commerce (Office Procedures) | F32: Ms. Phiri | G32: 65 | H32: 73 | I32: 73 | J32: =IF(COUNT(G32:I32)=0,"",AVERAGE(G32:I32)) -> 70.333333 | K32: =IF(J32="","",ROUND(J32/100,4)) -> 0.7033 | L32: =IF(J32="","",IF(J32>=80,"A",IF(J32>=70,"B",IF(J32>=60,"C",IF(J32>=50,"D","F"))))) -> B | M32: =IF(L32="","",IFERROR(INDEX({"Excellent work in ","Very good work in ","Satisfactory work in ","Fair work in ","Below the expected level in "},MATCH(L32,{"A","B","C","D","F"},0))&INDEX({"reading and writing","reading, writing and speaking","problem solving","concepts and practicals","content knowledge","practical work and knowledge","values and participation","religious knowledge and participation","fitness and participation","practical skills","recording of accounts","office practice"},MATCH($E32,{"English","Setswana","Mathematics","Science","Social Studies","Agriculture","Moral Education","Religious Education","Physical Education","Home Economics","Commerce (Accounting)","Commerce (Office Procedures)"},0))&INDEX({"; keep it up.","; aim higher.","; keep practising.","; extra practice is needed.","; urgent support is needed."},MATCH(L32,{"A","B","C","D","F"},0)),"")) -> Very good work in office practice; aim higher. | N32: 63 | O32: 76 | P32: 66 | Q32: =IF(COUNT(N32:P32)=0,"",AVERAGE(N32:P32)) -> 68.333333 | R32: =IF(Q32="","",ROUND(Q32/100,4)) -> 0.6833 | S32: =IF(Q32="","",IF(Q32>=80,"A",IF(Q32>=70,"B",IF(Q32>=60,"C",IF(Q32>=50,"D","F"))))) -> C | T32: =IF(S32="","",IFERROR(INDEX({"Excellent work in ","Very good work in ","Satisfactory work in ","Fair work in ","Below the expected level in "},MATCH(S32,{"A","B","C","D","F"},0))&INDEX({"reading and writing","reading, writing and speaking","problem solving","concepts and practicals","content knowledge","practical work and knowledge","values and participation","religious knowledge and participation","fitness and participation","practical skills","recording of accounts","office practice"},MATCH($E32,{"English","Setswana","Mathematics","Science","Social Studies","Agriculture","Moral Education","Religious Education","Physical Education","Home Economics","Commerce (Accounting)","Commerce (Office Procedures)"},0))&INDEX({"; keep it up.","; aim higher.","; keep practising.","; extra practice is needed.","; urgent support is needed."},MATCH(S32,{"A","B","C","D","F"},0)),"")) -> Satisfactory work in office practice; keep practising. | U32: 72 | V32: 73 | W32: 69 | X32: =IF(COUNT(U32:W32)=0,"",AVERAGE(U32:W32)) -> 71.333333 | Y32: =IF(X32="","",ROUND(X32/100,4)) -> 0.7133 | Z32: =IF(X32="","",IF(X32>=80,"A",IF(X32>=70,"B",IF(X32>=60,"C",IF(X32>=50,"D","F"))))) -> B | AA32: =IF(Z32="","",IFERROR(INDEX({"Excellent work in ","Very good work in ","Satisfactory work in ","Fair work in ","Below the expected level in "},MATCH(Z32,{"A","B","C","D","F"},0))&INDEX({"reading and writing","reading, writing and speaking","problem solving","concepts and practicals","content knowledge","practical work and knowledge","values and participation","religious knowledge and participation","fitness and participation","practical skills","recording of accounts","office practice"},MATCH($E32,{"English","Setswana","Mathematics","Science","Social Studies","Agriculture","Moral Education","Religious Education","Physical Education","Home Economics","Commerce (Accounting)","Commerce (Office Procedures)"},0))&INDEX({"; keep it up.","; aim higher.","; keep practising.","; extra practice is needed.","; urgent support is needed."},MATCH(Z32,{"A","B","C","D","F"},0)),"")) -> Very good work in office practice; aim higher.
A33: STU004 | B33: Thabo Motshegwa | C33: 1A | D33: Day Scholar | E33: English | F33: Mr. Sebina | G33: 74 | H33: 73 | I33: 68 | J33: =IF(COUNT(G33:I33)=0,"",AVERAGE(G33:I33)) -> 71.666667 | K33: =IF(J33="","",ROUND(J33/100,4)) -> 0.7167 | L33: =IF(J33="","",IF(J33>=80,"A",IF(J33>=70,"B",IF(J33>=60,"C",IF(J33>=50,"D","F"))))) -> B | M33: =IF(L33="","",IFERROR(INDEX({"Excellent work in ","Very good work in ","Satisfactory work in ","Fair work in ","Below the expected level in "},MATCH(L33,{"A","B","C","D","F"},0))&INDEX({"reading and writing","reading, writing and speaking","problem solving","concepts and practicals","content knowledge","practical work and knowledge","values and participation","religious knowledge and participation","fitness and participation","practical skills","recording of accounts","office practice"},MATCH($E33,{"English","Setswana","Mathematics","Science","Social Studies","Agriculture","Moral Education","Religious Education","Physical Education","Home Economics","Commerce (Accounting)","Commerce (Office Procedures)"},0))&INDEX({"; keep it up.","; aim higher.","; keep practising.","; extra practice is needed.","; urgent support is needed."},MATCH(L33,{"A","B","C","D","F"},0)),"")) -> Very good work in reading and writing; aim higher. | N33: 77 | O33: 79 | P33: 75 | Q33: =IF(COUNT(N33:P33)=0,"",AVERAGE(N33:P33)) -> 77 | R33: =IF(Q33="","",ROUND(Q33/100,4)) -> 0.77 | S33: =IF(Q33="","",IF(Q33>=80,"A",IF(Q33>=70,"B",IF(Q33>=60,"C",IF(Q33>=50,"D","F"))))) -> B | T33: =IF(S33="","",IFERROR(INDEX({"Excellent work in ","Very good work in ","Satisfactory work in ","Fair work in ","Below the expected level in "},MATCH(S33,{"A","B","C","D","F"},0))&INDEX({"reading and writing","reading, writing and speaking","problem solving","concepts and practicals","content knowledge","practical work and knowledge","values and participation","religious knowledge and participation","fitness and participation","practical skills","recording of accounts","office practice"},MATCH($E33,{"English","Setswana","Mathematics","Science","Social Studies","Agriculture","Moral Education","Religious Education","Physical Education","Home Economics","Commerce (Accounting)","Commerce (Office Procedures)"},0))&INDEX({"; keep it up.","; aim higher.","; keep practising.","; extra practice is needed.","; urgent support is needed."},MATCH(S33,{"A","B","C","D","F"},0)),"")) -> Very good work in reading and writing; aim higher. | U33: 79 | V33: 78 | W33: 85 | X33: =IF(COUNT(U33:W33)=0,"",AVERAGE(U33:W33)) -> 80.666667 | Y33: =IF(X33="","",ROUND(X33/100,4)) -> 0.8067 | Z33: =IF(X33="","",IF(X33>=80,"A",IF(X33>=70,"B",IF(X33>=60,"C",IF(X33>=50,"D","F"))))) -> A | AA33: =IF(Z33="","",IFERROR(INDEX({"Excellent work in ","Very good work in ","Satisfactory work in ","Fair work in ","Below the expected level in "},MATCH(Z33,{"A","B","C","D","F"},0))&INDEX({"reading and writing","reading, writing and speaking","problem solving","concepts and practicals","content knowledge","practical work and knowledge","values and participation","religious knowledge and participation","fitness and participation","practical skills","recording of accounts","office practice"},MATCH($E33,{"English","Setswana","Mathematics","Science","Social Studies","Agriculture","Moral Education","Religious Education","Physical Education","Home Economics","Commerce (Accounting)","Commerce (Office Procedures)"},0))&INDEX({"; keep it up.","; aim higher.","; keep practising.","; extra practice is needed.","; urgent support is needed."},MATCH(Z33,{"A","B","C","D","F"},0)),"")) -> Excellent work in reading and writing; keep it up.
E34: Setswana | F34: Ms. Mmolawa | G34: 82 | H34: 77 | I34: 77 | J34: =IF(COUNT(G34:I34)=0,"",AVERAGE(G34:I34)) -> 78.666667 | K34: =IF(J34="","",ROUND(J34/100,4)) -> 0.7867 | L34: =IF(J34="","",IF(J34>=80,"A",IF(J34>=70,"B",IF(J34>=60,"C",IF(J34>=50,"D","F"))))) -> B | M34: =IF(L34="","",IFERROR(INDEX({"Excellent work in ","Very good work in ","Satisfactory work in ","Fair work in ","Below the expected level in "},MATCH(L34,{"A","B","C","D","F"},0))&INDEX({"reading and writing","reading, writing and speaking","problem solving","concepts and practicals","content knowledge","practical work and knowledge","values and participation","religious knowledge and participation","fitness and participation","practical skills","recording of accounts","office practice"},MATCH($E34,{"English","Setswana","Mathematics","Science","Social Studies","Agriculture","Moral Education","Religious Education","Physical Education","Home Economics","Commerce (Accounting)","Commerce (Office Procedures)"},0))&INDEX({"; keep it up.","; aim higher.","; keep practising.","; extra practice is needed.","; urgent support is needed."},MATCH(L34,{"A","B","C","D","F"},0)),"")) -> Very good work in reading, writing and speaking; aim higher. | N34: 77 | O34: 87 | P34: 87 | Q34: =IF(COUNT(N34:P34)=0,"",AVERAGE(N34:P34)) -> 83.666667 | R34: =IF(Q34="","",ROUND(Q34/100,4)) -> 0.8367 | S34: =IF(Q34="","",IF(Q34>=80,"A",IF(Q34>=70,"B",IF(Q34>=60,"C",IF(Q34>=50,"D","F"))))) -> A | T34: =IF(S34="","",IFERROR(INDEX({"Excellent work in ","Very good work in ","Satisfactory work in ","Fair work in ","Below the expected level in "},MATCH(S34,{"A","B","C","D","F"},0))&INDEX({"reading and writing","reading, writing and speaking","problem solving","concepts and practicals","content knowledge","practical work and knowledge","values and participation","religious knowledge and participation","fitness and participation","practical skills","recording of accounts","office practice"},MATCH($E34,{"English","Setswana","Mathematics","Science","Social Studies","Agriculture","Moral Education","Religious Education","Physical Education","Home Economics","Commerce (Accounting)","Commerce (Office Procedures)"},0))&INDEX({"; keep it up.","; aim higher.","; keep practising.","; extra practice is needed.","; urgent support is needed."},MATCH(S34,{"A","B","C","D","F"},0)),"")) -> Excellent work in reading, writing and speaking; keep it up. | U34: 82 | V34: 88 | W34: 86 | X34: =IF(COUNT(U34:W34)=0,"",AVERAGE(U34:W34)) -> 85.333333 | Y34: =IF(X34="","",ROUND(X34/100,4)) -> 0.8533 | Z34: =IF(X34="","",IF(X34>=80,"A",IF(X34>=70,"B",IF(X34>=60,"C",IF(X34>=50,"D","F"))))) -> A | AA34: =IF(Z34="","",IFERROR(INDEX({"Excellent work in ","Very good work in ","Satisfactory work in ","Fair work in ","Below the expected level in "},MATCH(Z34,{"A","B","C","D","F"},0))&INDEX({"reading and writing","reading, writing and speaking","problem solving","concepts and practicals","content knowledge","practical work and knowledge","values and participation","religious knowledge and participation","fitness and participation","practical skills","recording of accounts","office practice"},MATCH($E34,{"English","Setswana","Mathematics","Science","Social Studies","Agriculture","Moral Education","Religious Education","Physical Education","Home Economics","Commerce (Accounting)","Commerce (Office Procedures)"},0))&INDEX({"; keep it up.","; aim higher.","; keep practising.","; extra practice is needed.","; urgent support is needed."},MATCH(Z34,{"A","B","C","D","F"},0)),"")) -> Excellent work in reading, writing and speaking; keep it up.
E35: Mathematics | F35: Ms. Moeng | G35: 75 | H35: 86 | I35: 78 | J35: =IF(COUNT(G35:I35)=0,"",AVERAGE(G35:I35)) -> 79.666667 | K35: =IF(J35="","",ROUND(J35/100,4)) -> 0.7967 | L35: =IF(J35="","",IF(J35>=80,"A",IF(J35>=70,"B",IF(J35>=60,"C",IF(J35>=50,"D","F"))))) -> B | M35: =IF(L35="","",IFERROR(INDEX({"Excellent work in ","Very good work in ","Satisfactory work in ","Fair work in ","Below the expected level in "},MATCH(L35,{"A","B","C","D","F"},0))&INDEX({"reading and writing","reading, writing and speaking","problem solving","concepts and practicals","content knowledge","practical work and knowledge","values and participation","religious knowledge and participation","fitness and participation","practical skills","recording of accounts","office practice"},MATCH($E35,{"English","Setswana","Mathematics","Science","Social Studies","Agriculture","Moral Education","Religious Education","Physical Education","Home Economics","Commerce (Accounting)","Commerce (Office Procedures)"},0))&INDEX({"; keep it up.","; aim higher.","; keep practising.","; extra practice is needed.","; urgent support is needed."},MATCH(L35,{"A","B","C","D","F"},0)),"")) -> Very good work in problem solving; aim higher. | N35: 82 | O35: 85 | P35: 91 | Q35: =IF(COUNT(N35:P35)=0,"",AVERAGE(N35:P35)) -> 86 | R35: =IF(Q35="","",ROUND(Q35/100,4)) -> 0.86 | S35: =IF(Q35="","",IF(Q35>=80,"A",IF(Q35>=70,"B",IF(Q35>=60,"C",IF(Q35>=50,"D","F"))))) -> A | T35: =IF(S35="","",IFERROR(INDEX({"Excellent work in ","Very good work in ","Satisfactory work in ","Fair work in ","Below the expected level in "},MATCH(S35,{"A","B","C","D","F"},0))&INDEX({"reading and writing","reading, writing and speaking","problem solving","concepts and practicals","content knowledge","practical work and knowledge","values and participation","religious knowledge and participation","fitness and participation","practical skills","recording of accounts","office practice"},MATCH($E35,{"English","Setswana","Mathematics","Science","Social Studies","Agriculture","Moral Education","Religious Education","Physical Education","Home Economics","Commerce (Accounting)","Commerce (Office Procedures)"},0))&INDEX({"; keep it up.","; aim higher.","; keep practising.","; extra practice is needed.","; urgent support is needed."},MATCH(S35,{"A","B","C","D","F"},0)),"")) -> Excellent work in problem solving; keep it up. | U35: 93 | V35: 90 | W35: 82 | X35: =IF(COUNT(U35:W35)=0,"",AVERAGE(U35:W35)) -> 88.333333 | Y35: =IF(X35="","",ROUND(X35/100,4)) -> 0.8833 | Z35: =IF(X35="","",IF(X35>=80,"A",IF(X35>=70,"B",IF(X35>=60,"C",IF(X35>=50,"D","F"))))) -> A | AA35: =IF(Z35="","",IFERROR(INDEX({"Excellent work in ","Very good work in ","Satisfactory work in ","Fair work in ","Below the expected level in "},MATCH(Z35,{"A","B","C","D","F"},0))&INDEX({"reading and writing","reading, writing and speaking","problem solving","concepts and practicals","content knowledge","practical work and knowledge","values and participation","religious knowledge and participation","fitness and participation","practical skills","recording of accounts","office practice"},MATCH($E35,{"English","Setswana","Mathematics","Science","Social Studies","Agriculture","Moral Education","Religious Education","Physical Education","Home Economics","Commerce (Accounting)","Commerce (Office Procedures)"},0))&INDEX({"; keep it up.","; aim higher.","; keep practising.","; extra practice is needed.","; urgent support is needed."},MATCH(Z35,{"A","B","C","D","F"},0)),"")) -> Excellent work in problem solving; keep it up.
E36: Science | F36: Mr. Tumagole | G36: 78 | H36: 74 | I36: 77 | J36: =IF(COUNT(G36:I36)=0,"",AVERAGE(G36:I36)) -> 76.333333 | K36: =IF(J36="","",ROUND(J36/100,4)) -> 0.7633 | L36: =IF(J36="","",IF(J36>=80,"A",IF(J36>=70,"B",IF(J36>=60,"C",IF(J36>=50,"D","F"))))) -> B | M36: =IF(L36="","",IFERROR(INDEX({"Excellent work in ","Very good work in ","Satisfactory work in ","Fair work in ","Below the expected level in "},MATCH(L36,{"A","B","C","D","F"},0))&INDEX({"reading and writing","reading, writing and speaking","problem solving","concepts and practicals","content knowledge","practical work and knowledge","values and participation","religious knowledge and participation","fitness and participation","practical skills","recording of accounts","office practice"},MATCH($E36,{"English","Setswana","Mathematics","Science","Social Studies","Agriculture","Moral Education","Religious Education","Physical Education","Home Economics","Commerce (Accounting)","Commerce (Office Procedures)"},0))&INDEX({"; keep it up.","; aim higher.","; keep practising.","; extra practice is needed.","; urgent support is needed."},MATCH(L36,{"A","B","C","D","F"},0)),"")) -> Very good work in concepts and practicals; aim higher. | N36: 72 | O36: 82 | P36: 81 | Q36: =IF(COUNT(N36:P36)=0,"",AVERAGE(N36:P36)) -> 78.333333 | R36: =IF(Q36="","",ROUND(Q36/100,4)) -> 0.7833 | S36: =IF(Q36="","",IF(Q36>=80,"A",IF(Q36>=70,"B",IF(Q36>=60,"C",IF(Q36>=50,"D","F"))))) -> B | T36: =IF(S36="","",IFERROR(INDEX({"Excellent work in ","Very good work in ","Satisfactory work in ","Fair work in ","Below the expected level in "},MATCH(S36,{"A","B","C","D","F"},0))&INDEX({"reading and writing","reading, writing and speaking","problem solving","concepts and practicals","content knowledge","practical work and knowledge","values and participation","religious knowledge and participation","fitness and participation","practical skills","recording of accounts","office practice"},MATCH($E36,{"English","Setswana","Mathematics","Science","Social Studies","Agriculture","Moral Education","Religious Education","Physical Education","Home Economics","Commerce (Accounting)","Commerce (Office Procedures)"},0))&INDEX({"; keep it up.","; aim higher.","; keep practising.","; extra practice is needed.","; urgent support is needed."},MATCH(S36,{"A","B","C","D","F"},0)),"")) -> Very good work in concepts and practicals; aim higher. | U36: 72 | V36: 88 | W36: 79 | X36: =IF(COUNT(U36:W36)=0,"",AVERAGE(U36:W36)) -> 79.666667 | Y36: =IF(X36="","",ROUND(X36/100,4)) -> 0.7967 | Z36: =IF(X36="","",IF(X36>=80,"A",IF(X36>=70,"B",IF(X36>=60,"C",IF(X36>=50,"D","F"))))) -> B | AA36: =IF(Z36="","",IFERROR(INDEX({"Excellent work in ","Very good work in ","Satisfactory work in ","Fair work in ","Below the expected level in "},MATCH(Z36,{"A","B","C","D","F"},0))&INDEX({"reading and writing","reading, writing and speaking","problem solving","concepts and practicals","content knowledge","practical work and knowledge","values and participation","religious knowledge and participation","fitness and participation","practical skills","recording of accounts","office practice"},MATCH($E36,{"English","Setswana","Mathematics","Science","Social Studies","Agriculture","Moral Education","Religious Education","Physical Education","Home Economics","Commerce (Accounting)","Commerce (Office Procedures)"},0))&INDEX({"; keep it up.","; aim higher.","; keep practising.","; extra practice is needed.","; urgent support is needed."},MATCH(Z36,{"A","B","C","D","F"},0)),"")) -> Very good work in concepts and practicals; aim higher.
E37: Social Studies | F37: Mr. Nthoiwa | G37: 83 | H37: 84 | I37: 82 | J37: =IF(COUNT(G37:I37)=0,"",AVERAGE(G37:I37)) -> 83 | K37: =IF(J37="","",ROUND(J37/100,4)) -> 0.83 | L37: =IF(J37="","",IF(J37>=80,"A",IF(J37>=70,"B",IF(J37>=60,"C",IF(J37>=50,"D","F"))))) -> A | M37: =IF(L37="","",IFERROR(INDEX({"Excellent work in ","Very good work in ","Satisfactory work in ","Fair work in ","Below the expected level in "},MATCH(L37,{"A","B","C","D","F"},0))&INDEX({"reading and writing","reading, writing and speaking","problem solving","concepts and practicals","content knowledge","practical work and knowledge","values and participation","religious knowledge and participation","fitness and participation","practical skills","recording of accounts","office practice"},MATCH($E37,{"English","Setswana","Mathematics","Science","Social Studies","Agriculture","Moral Education","Religious Education","Physical Education","Home Economics","Commerce (Accounting)","Commerce (Office Procedures)"},0))&INDEX({"; keep it up.","; aim higher.","; keep practising.","; extra practice is needed.","; urgent support is needed."},MATCH(L37,{"A","B","C","D","F"},0)),"")) -> Excellent work in content knowledge; keep it up. | N37: 80 | O37: 81 | P37: 86 | Q37: =IF(COUNT(N37:P37)=0,"",AVERAGE(N37:P37)) -> 82.333333 | R37: =IF(Q37="","",ROUND(Q37/100,4)) -> 0.8233 | S37: =IF(Q37="","",IF(Q37>=80,"A",IF(Q37>=70,"B",IF(Q37>=60,"C",IF(Q37>=50,"D","F"))))) -> A | T37: =IF(S37="","",IFERROR(INDEX({"Excellent work in ","Very good work in ","Satisfactory work in ","Fair work in ","Below the expected level in "},MATCH(S37,{"A","B","C","D","F"},0))&INDEX({"reading and writing","reading, writing and speaking","problem solving","concepts and practicals","content knowledge","practical work and knowledge","values and participation","religious knowledge and participation","fitness and participation","practical skills","recording of accounts","office practice"},MATCH($E37,{"English","Setswana","Mathematics","Science","Social Studies","Agriculture","Moral Education","Religious Education","Physical Education","Home Economics","Commerce (Accounting)","Commerce (Office Procedures)"},0))&INDEX({"; keep it up.","; aim higher.","; keep practising.","; extra practice is needed.","; urgent support is needed."},MATCH(S37,{"A","B","C","D","F"},0)),"")) -> Excellent work in content knowledge; keep it up. | U37: 88 | V37: 91 | W37: 81 | X37: =IF(COUNT(U37:W37)=0,"",AVERAGE(U37:W37)) -> 86.666667 | Y37: =IF(X37="","",ROUND(X37/100,4)) -> 0.8667 | Z37: =IF(X37="","",IF(X37>=80,"A",IF(X37>=70,"B",IF(X37>=60,"C",IF(X37>=50,"D","F"))))) -> A | AA37: =IF(Z37="","",IFERROR(INDEX({"Excellent work in ","Very good work in ","Satisfactory work in ","Fair work in ","Below the expected level in "},MATCH(Z37,{"A","B","C","D","F"},0))&INDEX({"reading and writing","reading, writing and speaking","problem solving","concepts and practicals","content knowledge","practical work and knowledge","values and participation","religious knowledge and participation","fitness and participation","practical skills","recording of accounts","office practice"},MATCH($E37,{"English","Setswana","Mathematics","Science","Social Studies","Agriculture","Moral Education","Religious Education","Physical Education","Home Economics","Commerce (Accounting)","Commerce (Office Procedures)"},0))&INDEX({"; keep it up.","; aim higher.","; keep practising.","; extra practice is needed.","; urgent support is needed."},MATCH(Z37,{"A","B","C","D","F"},0)),"")) -> Excellent work in content knowledge; keep it up.
E38: Agriculture | F38: Mr. Segwabe | G38: 90 | H38: 82 | I38: 86 | J38: =IF(COUNT(G38:I38)=0,"",AVERAGE(G38:I38)) -> 86 | K38: =IF(J38="","",ROUND(J38/100,4)) -> 0.86 | L38: =IF(J38="","",IF(J38>=80,"A",IF(J38>=70,"B",IF(J38>=60,"C",IF(J38>=50,"D","F"))))) -> A | M38: =IF(L38="","",IFERROR(INDEX({"Excellent work in ","Very good work in ","Satisfactory work in ","Fair work in ","Below the expected level in "},MATCH(L38,{"A","B","C","D","F"},0))&INDEX({"reading and writing","reading, writing and speaking","problem solving","concepts and practicals","content knowledge","practical work and knowledge","values and participation","religious knowledge and participation","fitness and participation","practical skills","recording of accounts","office practice"},MATCH($E38,{"English","Setswana","Mathematics","Science","Social Studies","Agriculture","Moral Education","Religious Education","Physical Education","Home Economics","Commerce (Accounting)","Commerce (Office Procedures)"},0))&INDEX({"; keep it up.","; aim higher.","; keep practising.","; extra practice is needed.","; urgent support is needed."},MATCH(L38,{"A","B","C","D","F"},0)),"")) -> Excellent work in practical work and knowledge; keep it up. | N38: 86 | O38: 89 | P38: 87 | Q38: =IF(COUNT(N38:P38)=0,"",AVERAGE(N38:P38)) -> 87.333333 | R38: =IF(Q38="","",ROUND(Q38/100,4)) -> 0.8733 | S38: =IF(Q38="","",IF(Q38>=80,"A",IF(Q38>=70,"B",IF(Q38>=60,"C",IF(Q38>=50,"D","F"))))) -> A | T38: =IF(S38="","",IFERROR(INDEX({"Excellent work in ","Very good work in ","Satisfactory work in ","Fair work in ","Below the expected level in "},MATCH(S38,{"A","B","C","D","F"},0))&INDEX({"reading and writing","reading, writing and speaking","problem solving","concepts and practicals","content knowledge","practical work and knowledge","values and participation","religious knowledge and participation","fitness and participation","practical skills","recording of accounts","office practice"},MATCH($E38,{"English","Setswana","Mathematics","Science","Social Studies","Agriculture","Moral Education","Religious Education","Physical Education","Home Economics","Commerce (Accounting)","Commerce (Office Procedures)"},0))&INDEX({"; keep it up.","; aim higher.","; keep practising.","; extra practice is needed.","; urgent support is needed."},MATCH(S38,{"A","B","C","D","F"},0)),"")) -> Excellent work in practical work and knowledge; keep it up. | U38: 89 | V38: 92 | W38: 93 | X38: =IF(COUNT(U38:W38)=0,"",AVERAGE(U38:W38)) -> 91.333333 | Y38: =IF(X38="","",ROUND(X38/100,4)) -> 0.9133 | Z38: =IF(X38="","",IF(X38>=80,"A",IF(X38>=70,"B",IF(X38>=60,"C",IF(X38>=50,"D","F"))))) -> A | AA38: =IF(Z38="","",IFERROR(INDEX({"Excellent work in ","Very good work in ","Satisfactory work in ","Fair work in ","Below the expected level in "},MATCH(Z38,{"A","B","C","D","F"},0))&INDEX({"reading and writing","reading, writing and speaking","problem solving","concepts and practicals","content knowledge","practical work and knowledge","values and participation","religious knowledge and participation","fitness and participation","practical skills","recording of accounts","office practice"},MATCH($E38,{"English","Setswana","Mathematics","Science","Social Studies","Agriculture","Moral Education","Religious Education","Physical Education","Home Economics","Commerce (Accounting)","Commerce (Office Procedures)"},0))&INDEX({"; keep it up.","; aim higher.","; keep practising.","; extra practice is needed.","; urgent support is needed."},MATCH(Z38,{"A","B","C","D","F"},0)),"")) -> Excellent work in practical work and knowledge; keep it up.
E39: Moral Education | F39: Ms. Rakgoathe | G39: 82 | H39: 72 | I39: 78 | J39: =IF(COUNT(G39:I39)=0,"",AVERAGE(G39:I39)) -> 77.333333 | K39: =IF(J39="","",ROUND(J39/100,4)) -> 0.7733 | L39: =IF(J39="","",IF(J39>=80,"A",IF(J39>=70,"B",IF(J39>=60,"C",IF(J39>=50,"D","F"))))) -> B | M39: =IF(L39="","",IFERROR(INDEX({"Excellent work in ","Very good work in ","Satisfactory work in ","Fair work in ","Below the expected level in "},MATCH(L39,{"A","B","C","D","F"},0))&INDEX({"reading and writing","reading, writing and speaking","problem solving","concepts and practicals","content knowledge","practical work and knowledge","values and participation","religious knowledge and participation","fitness and participation","practical skills","recording of accounts","office practice"},MATCH($E39,{"English","Setswana","Mathematics","Science","Social Studies","Agriculture","Moral Education","Religious Education","Physical Education","Home Economics","Commerce (Accounting)","Commerce (Office Procedures)"},0))&INDEX({"; keep it up.","; aim higher.","; keep practising.","; extra practice is needed.","; urgent support is needed."},MATCH(L39,{"A","B","C","D","F"},0)),"")) -> Very good work in values and participation; aim higher. | N39: 70 | O39: 74 | P39: 72 | Q39: =IF(COUNT(N39:P39)=0,"",AVERAGE(N39:P39)) -> 72 | R39: =IF(Q39="","",ROUND(Q39/100,4)) -> 0.72 | S39: =IF(Q39="","",IF(Q39>=80,"A",IF(Q39>=70,"B",IF(Q39>=60,"C",IF(Q39>=50,"D","F"))))) -> B | T39: =IF(S39="","",IFERROR(INDEX({"Excellent work in ","Very good work in ","Satisfactory work in ","Fair work in ","Below the expected level in "},MATCH(S39,{"A","B","C","D","F"},0))&INDEX({"reading and writing","reading, writing and speaking","problem solving","concepts and practicals","content knowledge","practical work and knowledge","values and participation","religious knowledge and participation","fitness and participation","practical skills","recording of accounts","office practice"},MATCH($E39,{"English","Setswana","Mathematics","Science","Social Studies","Agriculture","Moral Education","Religious Education","Physical Education","Home Economics","Commerce (Accounting)","Commerce (Office Procedures)"},0))&INDEX({"; keep it up.","; aim higher.","; keep practising.","; extra practice is needed.","; urgent support is needed."},MATCH(S39,{"A","B","C","D","F"},0)),"")) -> Very good work in values and participation; aim higher. | U39: 87 | V39: 90 | W39: 85 | X39: =IF(COUNT(U39:W39)=0,"",AVERAGE(U39:W39)) -> 87.333333 | Y39: =IF(X39="","",ROUND(X39/100,4)) -> 0.8733 | Z39: =IF(X39="","",IF(X39>=80,"A",IF(X39>=70,"B",IF(X39>=60,"C",IF(X39>=50,"D","F"))))) -> A | AA39: =IF(Z39="","",IFERROR(INDEX({"Excellent work in ","Very good work in ","Satisfactory work in ","Fair work in ","Below the expected level in "},MATCH(Z39,{"A","B","C","D","F"},0))&INDEX({"reading and writing","reading, writing and speaking","problem solving","concepts and practicals","content knowledge","practical work and knowledge","values and participation","religious knowledge and participation","fitness and participation","practical skills","recording of accounts","office practice"},MATCH($E39,{"English","Setswana","Mathematics","Science","Social Studies","Agriculture","Moral Education","Religious Education","Physical Education","Home Economics","Commerce (Accounting)","Commerce (Office Procedures)"},0))&INDEX({"; keep it up.","; aim higher.","; keep practising.","; extra practice is needed.","; urgent support is needed."},MATCH(Z39,{"A","B","C","D","F"},0)),"")) -> Excellent work in values and participation; keep it up.
E40: Physical Education | F40: Ms. Keitshokile | G40: 74 | H40: 76 | I40: 88 | J40: =IF(COUNT(G40:I40)=0,"",AVERAGE(G40:I40)) -> 79.333333 | K40: =IF(J40="","",ROUND(J40/100,4)) -> 0.7933 | L40: =IF(J40="","",IF(J40>=80,"A",IF(J40>=70,"B",IF(J40>=60,"C",IF(J40>=50,"D","F"))))) -> B | M40: =IF(L40="","",IFERROR(INDEX({"Excellent work in ","Very good work in ","Satisfactory work in ","Fair work in ","Below the expected level in "},MATCH(L40,{"A","B","C","D","F"},0))&INDEX({"reading and writing","reading, writing and speaking","problem solving","concepts and practicals","content knowledge","practical work and knowledge","values and participation","religious knowledge and participation","fitness and participation","practical skills","recording of accounts","office practice"},MATCH($E40,{"English","Setswana","Mathematics","Science","Social Studies","Agriculture","Moral Education","Religious Education","Physical Education","Home Economics","Commerce (Accounting)","Commerce (Office Procedures)"},0))&INDEX({"; keep it up.","; aim higher.","; keep practising.","; extra practice is needed.","; urgent support is needed."},MATCH(L40,{"A","B","C","D","F"},0)),"")) -> Very good work in fitness and participation; aim higher. | N40: 79 | O40: 90 | P40: 79 | Q40: =IF(COUNT(N40:P40)=0,"",AVERAGE(N40:P40)) -> 82.666667 | R40: =IF(Q40="","",ROUND(Q40/100,4)) -> 0.8267 | S40: =IF(Q40="","",IF(Q40>=80,"A",IF(Q40>=70,"B",IF(Q40>=60,"C",IF(Q40>=50,"D","F"))))) -> A | T40: =IF(S40="","",IFERROR(INDEX({"Excellent work in ","Very good work in ","Satisfactory work in ","Fair work in ","Below the expected level in "},MATCH(S40,{"A","B","C","D","F"},0))&INDEX({"reading and writing","reading, writing and speaking","problem solving","concepts and practicals","content knowledge","practical work and knowledge","values and participation","religious knowledge and participation","fitness and participation","practical skills","recording of accounts","office practice"},MATCH($E40,{"English","Setswana","Mathematics","Science","Social Studies","Agriculture","Moral Education","Religious Education","Physical Education","Home Economics","Commerce (Accounting)","Commerce (Office Procedures)"},0))&INDEX({"; keep it up.","; aim higher.","; keep practising.","; extra practice is needed.","; urgent support is needed."},MATCH(S40,{"A","B","C","D","F"},0)),"")) -> Excellent work in fitness and participation; keep it up. | U40: 89 | V40: 94 | W40: 92 | X40: =IF(COUNT(U40:W40)=0,"",AVERAGE(U40:W40)) -> 91.666667 | Y40: =IF(X40="","",ROUND(X40/100,4)) -> 0.9167 | Z40: =IF(X40="","",IF(X40>=80,"A",IF(X40>=70,"B",IF(X40>=60,"C",IF(X40>=50,"D","F"))))) -> A | AA40: =IF(Z40="","",IFERROR(INDEX({"Excellent work in ","Very good work in ","Satisfactory work in ","Fair work in ","Below the expected level in "},MATCH(Z40,{"A","B","C","D","F"},0))&INDEX({"reading and writing","reading, writing and speaking","problem solving","concepts and practicals","content knowledge","practical work and knowledge","values and participation","religious knowledge and participation","fitness and participation","practical skills","recording of accounts","office practice"},MATCH($E40,{"English","Setswana","Mathematics","Science","Social Studies","Agriculture","Moral Education","Religious Education","Physical Education","Home Economics","Commerce (Accounting)","Commerce (Office Procedures)"},0))&INDEX({"; keep it up.","; aim higher.","; keep practising.","; extra practice is needed.","; urgent support is needed."},MATCH(Z40,{"A","B","C","D","F"},0)),"")) -> Excellent work in fitness and participation; keep it up.
E41: Commerce (Office Procedures) | F41: Ms. Phiri | G41: 76 | H41: 75 | I41: 75 | J41: =IF(COUNT(G41:I41)=0,"",AVERAGE(G41:I41)) -> 75.333333 | K41: =IF(J41="","",ROUND(J41/100,4)) -> 0.7533 | L41: =IF(J41="","",IF(J41>=80,"A",IF(J41>=70,"B",IF(J41>=60,"C",IF(J41>=50,"D","F"))))) -> B | M41: =IF(L41="","",IFERROR(INDEX({"Excellent work in ","Very good work in ","Satisfactory work in ","Fair work in ","Below the expected level in "},MATCH(L41,{"A","B","C","D","F"},0))&INDEX({"reading and writing","reading, writing and speaking","problem solving","concepts and practicals","content knowledge","practical work and knowledge","values and participation","religious knowledge and participation","fitness and participation","practical skills","recording of accounts","office practice"},MATCH($E41,{"English","Setswana","Mathematics","Science","Social Studies","Agriculture","Moral Education","Religious Education","Physical Education","Home Economics","Commerce (Accounting)","Commerce (Office Procedures)"},0))&INDEX({"; keep it up.","; aim higher.","; keep practising.","; extra practice is needed.","; urgent support is needed."},MATCH(L41,{"A","B","C","D","F"},0)),"")) -> Very good work in office practice; aim higher. | N41: 76 | O41: 72 | P41: 79 | Q41: =IF(COUNT(N41:P41)=0,"",AVERAGE(N41:P41)) -> 75.666667 | R41: =IF(Q41="","",ROUND(Q41/100,4)) -> 0.7567 | S41: =IF(Q41="","",IF(Q41>=80,"A",IF(Q41>=70,"B",IF(Q41>=60,"C",IF(Q41>=50,"D","F"))))) -> B | T41: =IF(S41="","",IFERROR(INDEX({"Excellent work in ","Very good work in ","Satisfactory work in ","Fair work in ","Below the expected level in "},MATCH(S41,{"A","B","C","D","F"},0))&INDEX({"reading and writing","reading, writing and speaking","problem solving","concepts and practicals","content knowledge","practical work and knowledge","values and participation","religious knowledge and participation","fitness and participation","practical skills","recording of accounts","office practice"},MATCH($E41,{"English","Setswana","Mathematics","Science","Social Studies","Agriculture","Moral Education","Religious Education","Physical Education","Home Economics","Commerce (Accounting)","Commerce (Office Procedures)"},0))&INDEX({"; keep it up.","; aim higher.","; keep practising.","; extra practice is needed.","; urgent support is needed."},MATCH(S41,{"A","B","C","D","F"},0)),"")) -> Very good work in office practice; aim higher. | U41: 77 | V41: 75 | W41: 76 | X41: =IF(COUNT(U41:W41)=0,"",AVERAGE(U41:W41)) -> 76 | Y41: =IF(X41="","",ROUND(X41/100,4)) -> 0.76 | Z41: =IF(X41="","",IF(X41>=80,"A",IF(X41>=70,"B",IF(X41>=60,"C",IF(X41>=50,"D","F"))))) -> B | AA41: =IF(Z41="","",IFERROR(INDEX({"Excellent work in ","Very good work in ","Satisfactory work in ","Fair work in ","Below the expected level in "},MATCH(Z41,{"A","B","C","D","F"},0))&INDEX({"reading and writing","reading, writing and speaking","problem solving","concepts and practicals","content knowledge","practical work and knowledge","values and participation","religious knowledge and participation","fitness and participation","practical skills","recording of accounts","office practice"},MATCH($E41,{"English","Setswana","Mathematics","Science","Social Studies","Agriculture","Moral Education","Religious Education","Physical Education","Home Economics","Commerce (Accounting)","Commerce (Office Procedures)"},0))&INDEX({"; keep it up.","; aim higher.","; keep practising.","; extra practice is needed.","; urgent support is needed."},MATCH(Z41,{"A","B","C","D","F"},0)),"")) -> Very good work in office practice; aim higher.
A42: STU005 | B42: Karabo Seboni | C42: 1A | D42: Day Scholar | E42: English | F42: Mr. Sebina | G42: 73 | H42: 85 | I42: 78 | J42: =IF(COUNT(G42:I42)=0,"",AVERAGE(G42:I42)) -> 78.666667 | K42: =IF(J42="","",ROUND(J42/100,4)) -> 0.7867 | L42: =IF(J42="","",IF(J42>=80,"A",IF(J42>=70,"B",IF(J42>=60,"C",IF(J42>=50,"D","F"))))) -> B | M42: =IF(L42="","",IFERROR(INDEX({"Excellent work in ","Very good work in ","Satisfactory work in ","Fair work in ","Below the expected level in "},MATCH(L42,{"A","B","C","D","F"},0))&INDEX({"reading and writing","reading, writing and speaking","problem solving","concepts and practicals","content knowledge","practical work and knowledge","values and participation","religious knowledge and participation","fitness and participation","practical skills","recording of accounts","office practice"},MATCH($E42,{"English","Setswana","Mathematics","Science","Social Studies","Agriculture","Moral Education","Religious Education","Physical Education","Home Economics","Commerce (Accounting)","Commerce (Office Procedures)"},0))&INDEX({"; keep it up.","; aim higher.","; keep practising.","; extra practice is needed.","; urgent support is needed."},MATCH(L42,{"A","B","C","D","F"},0)),"")) -> Very good work in reading and writing; aim higher. | N42: 87 | O42: 76 | P42: 86 | Q42: =IF(COUNT(N42:P42)=0,"",AVERAGE(N42:P42)) -> 83 | R42: =IF(Q42="","",ROUND(Q42/100,4)) -> 0.83 | S42: =IF(Q42="","",IF(Q42>=80,"A",IF(Q42>=70,"B",IF(Q42>=60,"C",IF(Q42>=50,"D","F"))))) -> A | T42: =IF(S42="","",IFERROR(INDEX({"Excellent work in ","Very good work in ","Satisfactory work in ","Fair work in ","Below the expected level in "},MATCH(S42,{"A","B","C","D","F"},0))&INDEX({"reading and writing","reading, writing and speaking","problem solving","concepts and practicals","content knowledge","practical work and knowledge","values and participation","religious knowledge and participation","fitness and participation","practical skills","recording of accounts","office practice"},MATCH($E42,{"English","Setswana","Mathematics","Science","Social Studies","Agriculture","Moral Education","Religious Education","Physical Education","Home Economics","Commerce (Accounting)","Commerce (Office Procedures)"},0))&INDEX({"; keep it up.","; aim higher.","; keep practising.","; extra practice is needed.","; urgent support is needed."},MATCH(S42,{"A","B","C","D","F"},0)),"")) -> Excellent work in reading and writing; keep it up. | U42: 78 | V42: 79 | W42: 88 | X42: =IF(COUNT(U42:W42)=0,"",AVERAGE(U42:W42)) -> 81.666667 | Y42: =IF(X42="","",ROUND(X42/100,4)) -> 0.8167 | Z42: =IF(X42="","",IF(X42>=80,"A",IF(X42>=70,"B",IF(X42>=60,"C",IF(X42>=50,"D","F"))))) -> A | AA42: =IF(Z42="","",IFERROR(INDEX({"Excellent work in ","Very good work in ","Satisfactory work in ","Fair work in ","Below the expected level in "},MATCH(Z42,{"A","B","C","D","F"},0))&INDEX({"reading and writing","reading, writing and speaking","problem solving","concepts and practicals","content knowledge","practical work and knowledge","values and participation","religious knowledge and participation","fitness and participation","practical skills","recording of accounts","office practice"},MATCH($E42,{"English","Setswana","Mathematics","Science","Social Studies","Agriculture","Moral Education","Religious Education","Physical Education","Home Economics","Commerce (Accounting)","Commerce (Office Procedures)"},0))&INDEX({"; keep it up.","; aim higher.","; keep practising.","; extra practice is needed.","; urgent support is needed."},MATCH(Z42,{"A","B","C","D","F"},0)),"")) -> Excellent work in reading and writing; keep it up.
E43: Setswana | F43: Ms. Mmolawa | G43: 80 | H43: 84 | I43: 90 | J43: =IF(COUNT(G43:I43)=0,"",AVERAGE(G43:I43)) -> 84.666667 | K43: =IF(J43="","",ROUND(J43/100,4)) -> 0.8467 | L43: =IF(J43="","",IF(J43>=80,"A",IF(J43>=70,"B",IF(J43>=60,"C",IF(J43>=50,"D","F"))))) -> A | M43: =IF(L43="","",IFERROR(INDEX({"Excellent work in ","Very good work in ","Satisfactory work in ","Fair work in ","Below the expected level in "},MATCH(L43,{"A","B","C","D","F"},0))&INDEX({"reading and writing","reading, writing and speaking","problem solving","concepts and practicals","content knowledge","practical work and knowledge","values and participation","religious knowledge and participation","fitness and participation","practical skills","recording of accounts","office practice"},MATCH($E43,{"English","Setswana","Mathematics","Science","Social Studies","Agriculture","Moral Education","Religious Education","Physical Education","Home Economics","Commerce (Accounting)","Commerce (Office Procedures)"},0))&INDEX({"; keep it up.","; aim higher.","; keep practising.","; extra practice is needed.","; urgent support is needed."},MATCH(L43,{"A","B","C","D","F"},0)),"")) -> Excellent work in reading, writing and speaking; keep it up. | N43: 84 | O43: 95 | P43: 91 | Q43: =IF(COUNT(N43:P43)=0,"",AVERAGE(N43:P43)) -> 90 | R43: =IF(Q43="","",ROUND(Q43/100,4)) -> 0.9 | S43: =IF(Q43="","",IF(Q43>=80,"A",IF(Q43>=70,"B",IF(Q43>=60,"C",IF(Q43>=50,"D","F"))))) -> A | T43: =IF(S43="","",IFERROR(INDEX({"Excellent work in ","Very good work in ","Satisfactory work in ","Fair work in ","Below the expected level in "},MATCH(S43,{"A","B","C","D","F"},0))&INDEX({"reading and writing","reading, writing and speaking","problem solving","concepts and practicals","content knowledge","practical work and knowledge","values and participation","religious knowledge and participation","fitness and participation","practical skills","recording of accounts","office practice"},MATCH($E43,{"English","Setswana","Mathematics","Science","Social Studies","Agriculture","Moral Education","Religious Education","Physical Education","Home Economics","Commerce (Accounting)","Commerce (Office Procedures)"},0))&INDEX({"; keep it up.","; aim higher.","; keep practising.","; extra practice is needed.","; urgent support is needed."},MATCH(S43,{"A","B","C","D","F"},0)),"")) -> Excellent work in reading, writing and speaking; keep it up. | U43: 87 | V43: 89 | W43: 92 | X43: =IF(COUNT(U43:W43)=0,"",AVERAGE(U43:W43)) -> 89.333333 | Y43: =IF(X43="","",ROUND(X43/100,4)) -> 0.8933 | Z43: =IF(X43="","",IF(X43>=80,"A",IF(X43>=70,"B",IF(X43>=60,"C",IF(X43>=50,"D","F"))))) -> A | AA43: =IF(Z43="","",IFERROR(INDEX({"Excellent work in ","Very good work in ","Satisfactory work in ","Fair work in ","Below the expected level in "},MATCH(Z43,{"A","B","C","D","F"},0))&INDEX({"reading and writing","reading, writing and speaking","problem solving","concepts and practicals","content knowledge","practical work and knowledge","values and participation","religious knowledge and participation","fitness and participation","practical skills","recording of accounts","office practice"},MATCH($E43,{"English","Setswana","Mathematics","Science","Social Studies","Agriculture","Moral Education","Religious Education","Physical Education","Home Economics","Commerce (Accounting)","Commerce (Office Procedures)"},0))&INDEX({"; keep it up.","; aim higher.","; keep practising.","; extra practice is needed.","; urgent support is needed."},MATCH(Z43,{"A","B","C","D","F"},0)),"")) -> Excellent work in reading, writing and speaking; keep it up.
E44: Mathematics | F44: Ms. Moeng | G44: 90 | H44: 91 | I44: 96 | J44: =IF(COUNT(G44:I44)=0,"",AVERAGE(G44:I44)) -> 92.333333 | K44: =IF(J44="","",ROUND(J44/100,4)) -> 0.9233 | L44: =IF(J44="","",IF(J44>=80,"A",IF(J44>=70,"B",IF(J44>=60,"C",IF(J44>=50,"D","F"))))) -> A | M44: =IF(L44="","",IFERROR(INDEX({"Excellent work in ","Very good work in ","Satisfactory work in ","Fair work in ","Below the expected level in "},MATCH(L44,{"A","B","C","D","F"},0))&INDEX({"reading and writing","reading, writing and speaking","problem solving","concepts and practicals","content knowledge","practical work and knowledge","values and participation","religious knowledge and participation","fitness and participation","practical skills","recording of accounts","office practice"},MATCH($E44,{"English","Setswana","Mathematics","Science","Social Studies","Agriculture","Moral Education","Religious Education","Physical Education","Home Economics","Commerce (Accounting)","Commerce (Office Procedures)"},0))&INDEX({"; keep it up.","; aim higher.","; keep practising.","; extra practice is needed.","; urgent support is needed."},MATCH(L44,{"A","B","C","D","F"},0)),"")) -> Excellent work in problem solving; keep it up. | N44: 89 | O44: 97 | P44: 92 | Q44: =IF(COUNT(N44:P44)=0,"",AVERAGE(N44:P44)) -> 92.666667 | R44: =IF(Q44="","",ROUND(Q44/100,4)) -> 0.9267 | S44: =IF(Q44="","",IF(Q44>=80,"A",IF(Q44>=70,"B",IF(Q44>=60,"C",IF(Q44>=50,"D","F"))))) -> A | T44: =IF(S44="","",IFERROR(INDEX({"Excellent work in ","Very good work in ","Satisfactory work in ","Fair work in ","Below the expected level in "},MATCH(S44,{"A","B","C","D","F"},0))&INDEX({"reading and writing","reading, writing and speaking","problem solving","concepts and practicals","content knowledge","practical work and knowledge","values and participation","religious knowledge and participation","fitness and participation","practical skills","recording of accounts","office practice"},MATCH($E44,{"English","Setswana","Mathematics","Science","Social Studies","Agriculture","Moral Education","Religious Education","Physical Education","Home Economics","Commerce (Accounting)","Commerce (Office Procedures)"},0))&INDEX({"; keep it up.","; aim higher.","; keep practising.","; extra practice is needed.","; urgent support is needed."},MATCH(S44,{"A","B","C","D","F"},0)),"")) -> Excellent work in problem solving; keep it up. | U44: 98 | V44: 97 | W44: 88 | X44: =IF(COUNT(U44:W44)=0,"",AVERAGE(U44:W44)) -> 94.333333 | Y44: =IF(X44="","",ROUND(X44/100,4)) -> 0.9433 | Z44: =IF(X44="","",IF(X44>=80,"A",IF(X44>=70,"B",IF(X44>=60,"C",IF(X44>=50,"D","F"))))) -> A | AA44: =IF(Z44="","",IFERROR(INDEX({"Excellent work in ","Very good work in ","Satisfactory work in ","Fair work in ","Below the expected level in "},MATCH(Z44,{"A","B","C","D","F"},0))&INDEX({"reading and writing","reading, writing and speaking","problem solving","concepts and practicals","content knowledge","practical work and knowledge","values and participation","religious knowledge and participation","fitness and participation","practical skills","recording of accounts","office practice"},MATCH($E44,{"English","Setswana","Mathematics","Science","Social Studies","Agriculture","Moral Education","Religious Education","Physical Education","Home Economics","Commerce (Accounting)","Commerce (Office Procedures)"},0))&INDEX({"; keep it up.","; aim higher.","; keep practising.","; extra practice is needed.","; urgent support is needed."},MATCH(Z44,{"A","B","C","D","F"},0)),"")) -> Excellent work in problem solving; keep it up.
E45: Science | F45: Mr. Tumagole | G45: 77 | H45: 79 | I45: 84 | J45: =IF(COUNT(G45:I45)=0,"",AVERAGE(G45:I45)) -> 80 | K45: =IF(J45="","",ROUND(J45/100,4)) -> 0.8 | L45: =IF(J45="","",IF(J45>=80,"A",IF(J45>=70,"B",IF(J45>=60,"C",IF(J45>=50,"D","F"))))) -> A | M45: =IF(L45="","",IFERROR(INDEX({"Excellent work in ","Very good work in ","Satisfactory work in ","Fair work in ","Below the expected level in "},MATCH(L45,{"A","B","C","D","F"},0))&INDEX({"reading and writing","reading, writing and speaking","problem solving","concepts and practicals","content knowledge","practical work and knowledge","values and participation","religious knowledge and participation","fitness and participation","practical skills","recording of accounts","office practice"},MATCH($E45,{"English","Setswana","Mathematics","Science","Social Studies","Agriculture","Moral Education","Religious Education","Physical Education","Home Economics","Commerce (Accounting)","Commerce (Office Procedures)"},0))&INDEX({"; keep it up.","; aim higher.","; keep practising.","; extra practice is needed.","; urgent support is needed."},MATCH(L45,{"A","B","C","D","F"},0)),"")) -> Excellent work in concepts and practicals; keep it up. | N45: 88 | O45: 82 | P45: 83 | Q45: =IF(COUNT(N45:P45)=0,"",AVERAGE(N45:P45)) -> 84.333333 | R45: =IF(Q45="","",ROUND(Q45/100,4)) -> 0.8433 | S45: =IF(Q45="","",IF(Q45>=80,"A",IF(Q45>=70,"B",IF(Q45>=60,"C",IF(Q45>=50,"D","F"))))) -> A | T45: =IF(S45="","",IFERROR(INDEX({"Excellent work in ","Very good work in ","Satisfactory work in ","Fair work in ","Below the expected level in "},MATCH(S45,{"A","B","C","D","F"},0))&INDEX({"reading and writing","reading, writing and speaking","problem solving","concepts and practicals","content knowledge","practical work and knowledge","values and participation","religious knowledge and participation","fitness and participation","practical skills","recording of accounts","office practice"},MATCH($E45,{"English","Setswana","Mathematics","Science","Social Studies","Agriculture","Moral Education","Religious Education","Physical Education","Home Economics","Commerce (Accounting)","Commerce (Office Procedures)"},0))&INDEX({"; keep it up.","; aim higher.","; keep practising.","; extra practice is needed.","; urgent support is needed."},MATCH(S45,{"A","B","C","D","F"},0)),"")) -> Excellent work in concepts and practicals; keep it up. | U45: 87 | V45: 82 | W45: 86 | X45: =IF(COUNT(U45:W45)=0,"",AVERAGE(U45:W45)) -> 85 | Y45: =IF(X45="","",ROUND(X45/100,4)) -> 0.85 | Z45: =IF(X45="","",IF(X45>=80,"A",IF(X45>=70,"B",IF(X45>=60,"C",IF(X45>=50,"D","F"))))) -> A | AA45: =IF(Z45="","",IFERROR(INDEX({"Excellent work in ","Very good work in ","Satisfactory work in ","Fair work in ","Below the expected level in "},MATCH(Z45,{"A","B","C","D","F"},0))&INDEX({"reading and writing","reading, writing and speaking","problem solving","concepts and practicals","content knowledge","practical work and knowledge","values and participation","religious knowledge and participation","fitness and participation","practical skills","recording of accounts","office practice"},MATCH($E45,{"English","Setswana","Mathematics","Science","Social Studies","Agriculture","Moral Education","Religious Education","Physical Education","Home Economics","Commerce (Accounting)","Commerce (Office Procedures)"},0))&INDEX({"; keep it up.","; aim higher.","; keep practising.","; extra practice is needed.","; urgent support is needed."},MATCH(Z45,{"A","B","C","D","F"},0)),"")) -> Excellent work in concepts and practicals; keep it up.
E46: Social Studies | F46: Mr. Nthoiwa | G46: 79 | H46: 84 | I46: 89 | J46: =IF(COUNT(G46:I46)=0,"",AVERAGE(G46:I46)) -> 84 | K46: =IF(J46="","",ROUND(J46/100,4)) -> 0.84 | L46: =IF(J46="","",IF(J46>=80,"A",IF(J46>=70,"B",IF(J46>=60,"C",IF(J46>=50,"D","F"))))) -> A | M46: =IF(L46="","",IFERROR(INDEX({"Excellent work in ","Very good work in ","Satisfactory work in ","Fair work in ","Below the expected level in "},MATCH(L46,{"A","B","C","D","F"},0))&INDEX({"reading and writing","reading, writing and speaking","problem solving","concepts and practicals","content knowledge","practical work and knowledge","values and participation","religious knowledge and participation","fitness and participation","practical skills","recording of accounts","office practice"},MATCH($E46,{"English","Setswana","Mathematics","Science","Social Studies","Agriculture","Moral Education","Religious Education","Physical Education","Home Economics","Commerce (Accounting)","Commerce (Office Procedures)"},0))&INDEX({"; keep it up.","; aim higher.","; keep practising.","; extra practice is needed.","; urgent support is needed."},MATCH(L46,{"A","B","C","D","F"},0)),"")) -> Excellent work in content knowledge; keep it up. | N46: 80 | O46: 85 | P46: 85 | Q46: =IF(COUNT(N46:P46)=0,"",AVERAGE(N46:P46)) -> 83.333333 | R46: =IF(Q46="","",ROUND(Q46/100,4)) -> 0.8333 | S46: =IF(Q46="","",IF(Q46>=80,"A",IF(Q46>=70,"B",IF(Q46>=60,"C",IF(Q46>=50,"D","F"))))) -> A | T46: =IF(S46="","",IFERROR(INDEX({"Excellent work in ","Very good work in ","Satisfactory work in ","Fair work in ","Below the expected level in "},MATCH(S46,{"A","B","C","D","F"},0))&INDEX({"reading and writing","reading, writing and speaking","problem solving","concepts and practicals","content knowledge","practical work and knowledge","values and participation","religious knowledge and participation","fitness and participation","practical skills","recording of accounts","office practice"},MATCH($E46,{"English","Setswana","Mathematics","Science","Social Studies","Agriculture","Moral Education","Religious Education","Physical Education","Home Economics","Commerce (Accounting)","Commerce (Office Procedures)"},0))&INDEX({"; keep it up.","; aim higher.","; keep practising.","; extra practice is needed.","; urgent support is needed."},MATCH(S46,{"A","B","C","D","F"},0)),"")) -> Excellent work in content knowledge; keep it up. | U46: 96 | V46: 93 | W46: 90 | X46: =IF(COUNT(U46:W46)=0,"",AVERAGE(U46:W46)) -> 93 | Y46: =IF(X46="","",ROUND(X46/100,4)) -> 0.93 | Z46: =IF(X46="","",IF(X46>=80,"A",IF(X46>=70,"B",IF(X46>=60,"C",IF(X46>=50,"D","F"))))) -> A | AA46: =IF(Z46="","",IFERROR(INDEX({"Excellent work in ","Very good work in ","Satisfactory work in ","Fair work in ","Below the expected level in "},MATCH(Z46,{"A","B","C","D","F"},0))&INDEX({"reading and writing","reading, writing and speaking","problem solving","concepts and practicals","content knowledge","practical work and knowledge","values and participation","religious knowledge and participation","fitness and participation","practical skills","recording of accounts","office practice"},MATCH($E46,{"English","Setswana","Mathematics","Science","Social Studies","Agriculture","Moral Education","Religious Education","Physical Education","Home Economics","Commerce (Accounting)","Commerce (Office Procedures)"},0))&INDEX({"; keep it up.","; aim higher.","; keep practising.","; extra practice is needed.","; urgent support is needed."},MATCH(Z46,{"A","B","C","D","F"},0)),"")) -> Excellent work in content knowledge; keep it up.
E47: Agriculture | F47: Mr. Segwabe | G47: 84 | H47: 98 | I47: 92 | J47: =IF(COUNT(G47:I47)=0,"",AVERAGE(G47:I47)) -> 91.333333 | K47: =IF(J47="","",ROUND(J47/100,4)) -> 0.9133 | L47: =IF(J47="","",IF(J47>=80,"A",IF(J47>=70,"B",IF(J47>=60,"C",IF(J47>=50,"D","F"))))) -> A | M47: =IF(L47="","",IFERROR(INDEX({"Excellent work in ","Very good work in ","Satisfactory work in ","Fair work in ","Below the expected level in "},MATCH(L47,{"A","B","C","D","F"},0))&INDEX({"reading and writing","reading, writing and speaking","problem solving","concepts and practicals","content knowledge","practical work and knowledge","values and participation","religious knowledge and participation","fitness and participation","practical skills","recording of accounts","office practice"},MATCH($E47,{"English","Setswana","Mathematics","Science","Social Studies","Agriculture","Moral Education","Religious Education","Physical Education","Home Economics","Commerce (Accounting)","Commerce (Office Procedures)"},0))&INDEX({"; keep it up.","; aim higher.","; keep practising.","; extra practice is needed.","; urgent support is needed."},MATCH(L47,{"A","B","C","D","F"},0)),"")) -> Excellent work in practical work and knowledge; keep it up. | N47: 98 | O47: 97 | P47: 96 | Q47: =IF(COUNT(N47:P47)=0,"",AVERAGE(N47:P47)) -> 97 | R47: =IF(Q47="","",ROUND(Q47/100,4)) -> 0.97 | S47: =IF(Q47="","",IF(Q47>=80,"A",IF(Q47>=70,"B",IF(Q47>=60,"C",IF(Q47>=50,"D","F"))))) -> A | T47: =IF(S47="","",IFERROR(INDEX({"Excellent work in ","Very good work in ","Satisfactory work in ","Fair work in ","Below the expected level in "},MATCH(S47,{"A","B","C","D","F"},0))&INDEX({"reading and writing","reading, writing and speaking","problem solving","concepts and practicals","content knowledge","practical work and knowledge","values and participation","religious knowledge and participation","fitness and participation","practical skills","recording of accounts","office practice"},MATCH($E47,{"English","Setswana","Mathematics","Science","Social Studies","Agriculture","Moral Education","Religious Education","Physical Education","Home Economics","Commerce (Accounting)","Commerce (Office Procedures)"},0))&INDEX({"; keep it up.","; aim higher.","; keep practising.","; extra practice is needed.","; urgent support is needed."},MATCH(S47,{"A","B","C","D","F"},0)),"")) -> Excellent work in practical work and knowledge; keep it up. | U47: 98 | V47: 98 | W47: 98 | X47: =IF(COUNT(U47:W47)=0,"",AVERAGE(U47:W47)) -> 98 | Y47: =IF(X47="","",ROUND(X47/100,4)) -> 0.98 | Z47: =IF(X47="","",IF(X47>=80,"A",IF(X47>=70,"B",IF(X47>=60,"C",IF(X47>=50,"D","F"))))) -> A | AA47: =IF(Z47="","",IFERROR(INDEX({"Excellent work in ","Very good work in ","Satisfactory work in ","Fair work in ","Below the expected level in "},MATCH(Z47,{"A","B","C","D","F"},0))&INDEX({"reading and writing","reading, writing and speaking","problem solving","concepts and practicals","content knowledge","practical work and knowledge","values and participation","religious knowledge and participation","fitness and participation","practical skills","recording of accounts","office practice"},MATCH($E47,{"English","Setswana","Mathematics","Science","Social Studies","Agriculture","Moral Education","Religious Education","Physical Education","Home Economics","Commerce (Accounting)","Commerce (Office Procedures)"},0))&INDEX({"; keep it up.","; aim higher.","; keep practising.","; extra practice is needed.","; urgent support is needed."},MATCH(Z47,{"A","B","C","D","F"},0)),"")) -> Excellent work in practical work and knowledge; keep it up.
E48: Moral Education | F48: Ms. Rakgoathe | G48: 84 | H48: 89 | I48: 87 | J48: =IF(COUNT(G48:I48)=0,"",AVERAGE(G48:I48)) -> 86.666667 | K48: =IF(J48="","",ROUND(J48/100,4)) -> 0.8667 | L48: =IF(J48="","",IF(J48>=80,"A",IF(J48>=70,"B",IF(J48>=60,"C",IF(J48>=50,"D","F"))))) -> A | M48: =IF(L48="","",IFERROR(INDEX({"Excellent work in ","Very good work in ","Satisfactory work in ","Fair work in ","Below the expected level in "},MATCH(L48,{"A","B","C","D","F"},0))&INDEX({"reading and writing","reading, writing and speaking","problem solving","concepts and practicals","content knowledge","practical work and knowledge","values and participation","religious knowledge and participation","fitness and participation","practical skills","recording of accounts","office practice"},MATCH($E48,{"English","Setswana","Mathematics","Science","Social Studies","Agriculture","Moral Education","Religious Education","Physical Education","Home Economics","Commerce (Accounting)","Commerce (Office Procedures)"},0))&INDEX({"; keep it up.","; aim higher.","; keep practising.","; extra practice is needed.","; urgent support is needed."},MATCH(L48,{"A","B","C","D","F"},0)),"")) -> Excellent work in values and participation; keep it up. | N48: 86 | O48: 81 | P48: 87 | Q48: =IF(COUNT(N48:P48)=0,"",AVERAGE(N48:P48)) -> 84.666667 | R48: =IF(Q48="","",ROUND(Q48/100,4)) -> 0.8467 | S48: =IF(Q48="","",IF(Q48>=80,"A",IF(Q48>=70,"B",IF(Q48>=60,"C",IF(Q48>=50,"D","F"))))) -> A | T48: =IF(S48="","",IFERROR(INDEX({"Excellent work in ","Very good work in ","Satisfactory work in ","Fair work in ","Below the expected level in "},MATCH(S48,{"A","B","C","D","F"},0))&INDEX({"reading and writing","reading, writing and speaking","problem solving","concepts and practicals","content knowledge","practical work and knowledge","values and participation","religious knowledge and participation","fitness and participation","practical skills","recording of accounts","office practice"},MATCH($E48,{"English","Setswana","Mathematics","Science","Social Studies","Agriculture","Moral Education","Religious Education","Physical Education","Home Economics","Commerce (Accounting)","Commerce (Office Procedures)"},0))&INDEX({"; keep it up.","; aim higher.","; keep practising.","; extra practice is needed.","; urgent support is needed."},MATCH(S48,{"A","B","C","D","F"},0)),"")) -> Excellent work in values and participation; keep it up. | U48: 93 | V48: 85 | W48: 85 | X48: =IF(COUNT(U48:W48)=0,"",AVERAGE(U48:W48)) -> 87.666667 | Y48: =IF(X48="","",ROUND(X48/100,4)) -> 0.8767 | Z48: =IF(X48="","",IF(X48>=80,"A",IF(X48>=70,"B",IF(X48>=60,"C",IF(X48>=50,"D","F"))))) -> A | AA48: =IF(Z48="","",IFERROR(INDEX({"Excellent work in ","Very good work in ","Satisfactory work in ","Fair work in ","Below the expected level in "},MATCH(Z48,{"A","B","C","D","F"},0))&INDEX({"reading and writing","reading, writing and speaking","problem solving","concepts and practicals","content knowledge","practical work and knowledge","values and participation","religious knowledge and participation","fitness and participation","practical skills","recording of accounts","office practice"},MATCH($E48,{"English","Setswana","Mathematics","Science","Social Studies","Agriculture","Moral Education","Religious Education","Physical Education","Home Economics","Commerce (Accounting)","Commerce (Office Procedures)"},0))&INDEX({"; keep it up.","; aim higher.","; keep practising.","; extra practice is needed.","; urgent support is needed."},MATCH(Z48,{"A","B","C","D","F"},0)),"")) -> Excellent work in values and participation; keep it up.
E49: Physical Education | F49: Ms. Keitshokile | G49: 83 | H49: 96 | I49: 88 | J49: =IF(COUNT(G49:I49)=0,"",AVERAGE(G49:I49)) -> 89 | K49: =IF(J49="","",ROUND(J49/100,4)) -> 0.89 | L49: =IF(J49="","",IF(J49>=80,"A",IF(J49>=70,"B",IF(J49>=60,"C",IF(J49>=50,"D","F"))))) -> A | M49: =IF(L49="","",IFERROR(INDEX({"Excellent work in ","Very good work in ","Satisfactory work in ","Fair work in ","Below the expected level in "},MATCH(L49,{"A","B","C","D","F"},0))&INDEX({"reading and writing","reading, writing and speaking","problem solving","concepts and practicals","content knowledge","practical work and knowledge","values and participation","religious knowledge and participation","fitness and participation","practical skills","recording of accounts","office practice"},MATCH($E49,{"English","Setswana","Mathematics","Science","Social Studies","Agriculture","Moral Education","Religious Education","Physical Education","Home Economics","Commerce (Accounting)","Commerce (Office Procedures)"},0))&INDEX({"; keep it up.","; aim higher.","; keep practising.","; extra practice is needed.","; urgent support is needed."},MATCH(L49,{"A","B","C","D","F"},0)),"")) -> Excellent work in fitness and participation; keep it up. | N49: 90 | O49: 98 | P49: 94 | Q49: =IF(COUNT(N49:P49)=0,"",AVERAGE(N49:P49)) -> 94 | R49: =IF(Q49="","",ROUND(Q49/100,4)) -> 0.94 | S49: =IF(Q49="","",IF(Q49>=80,"A",IF(Q49>=70,"B",IF(Q49>=60,"C",IF(Q49>=50,"D","F"))))) -> A | T49: =IF(S49="","",IFERROR(INDEX({"Excellent work in ","Very good work in ","Satisfactory work in ","Fair work in ","Below the expected level in "},MATCH(S49,{"A","B","C","D","F"},0))&INDEX({"reading and writing","reading, writing and speaking","problem solving","concepts and practicals","content knowledge","practical work and knowledge","values and participation","religious knowledge and participation","fitness and participation","practical skills","recording of accounts","office practice"},MATCH($E49,{"English","Setswana","Mathematics","Science","Social Studies","Agriculture","Moral Education","Religious Education","Physical Education","Home Economics","Commerce (Accounting)","Commerce (Office Procedures)"},0))&INDEX({"; keep it up.","; aim higher.","; keep practising.","; extra practice is needed.","; urgent support is needed."},MATCH(S49,{"A","B","C","D","F"},0)),"")) -> Excellent work in fitness and participation; keep it up. | U49: 97 | V49: 89 | W49: 89 | X49: =IF(COUNT(U49:W49)=0,"",AVERAGE(U49:W49)) -> 91.666667 | Y49: =IF(X49="","",ROUND(X49/100,4)) -> 0.9167 | Z49: =IF(X49="","",IF(X49>=80,"A",IF(X49>=70,"B",IF(X49>=60,"C",IF(X49>=50,"D","F"))))) -> A | AA49: =IF(Z49="","",IFERROR(INDEX({"Excellent work in ","Very good work in ","Satisfactory work in ","Fair work in ","Below the expected level in "},MATCH(Z49,{"A","B","C","D","F"},0))&INDEX({"reading and writing","reading, writing and speaking","problem solving","concepts and practicals","content knowledge","practical work and knowledge","values and participation","religious knowledge and participation","fitness and participation","practical skills","recording of accounts","office practice"},MATCH($E49,{"English","Setswana","Mathematics","Science","Social Studies","Agriculture","Moral Education","Religious Education","Physical Education","Home Economics","Commerce (Accounting)","Commerce (Office Procedures)"},0))&INDEX({"; keep it up.","; aim higher.","; keep practising.","; extra practice is needed.","; urgent support is needed."},MATCH(Z49,{"A","B","C","D","F"},0)),"")) -> Excellent work in fitness and participation; keep it up.
E50: Commerce (Accounting) | F50: Ms. Kesamang | G50: 86 | H50: 81 | I50: 86 | J50: =IF(COUNT(G50:I50)=0,"",AVERAGE(G50:I50)) -> 84.333333 | K50: =IF(J50="","",ROUND(J50/100,4)) -> 0.8433 | L50: =IF(J50="","",IF(J50>=80,"A",IF(J50>=70,"B",IF(J50>=60,"C",IF(J50>=50,"D","F"))))) -> A | M50: =IF(L50="","",IFERROR(INDEX({"Excellent work in ","Very good work in ","Satisfactory work in ","Fair work in ","Below the expected level in "},MATCH(L50,{"A","B","C","D","F"},0))&INDEX({"reading and writing","reading, writing and speaking","problem solving","concepts and practicals","content knowledge","practical work and knowledge","values and participation","religious knowledge and participation","fitness and participation","practical skills","recording of accounts","office practice"},MATCH($E50,{"English","Setswana","Mathematics","Science","Social Studies","Agriculture","Moral Education","Religious Education","Physical Education","Home Economics","Commerce (Accounting)","Commerce (Office Procedures)"},0))&INDEX({"; keep it up.","; aim higher.","; keep practising.","; extra practice is needed.","; urgent support is needed."},MATCH(L50,{"A","B","C","D","F"},0)),"")) -> Excellent work in recording of accounts; keep it up. | N50: 77 | O50: 87 | P50: 81 | Q50: =IF(COUNT(N50:P50)=0,"",AVERAGE(N50:P50)) -> 81.666667 | R50: =IF(Q50="","",ROUND(Q50/100,4)) -> 0.8167 | S50: =IF(Q50="","",IF(Q50>=80,"A",IF(Q50>=70,"B",IF(Q50>=60,"C",IF(Q50>=50,"D","F"))))) -> A | T50: =IF(S50="","",IFERROR(INDEX({"Excellent work in ","Very good work in ","Satisfactory work in ","Fair work in ","Below the expected level in "},MATCH(S50,{"A","B","C","D","F"},0))&INDEX({"reading and writing","reading, writing and speaking","problem solving","concepts and practicals","content knowledge","practical work and knowledge","values and participation","religious knowledge and participation","fitness and participation","practical skills","recording of accounts","office practice"},MATCH($E50,{"English","Setswana","Mathematics","Science","Social Studies","Agriculture","Moral Education","Religious Education","Physical Education","Home Economics","Commerce (Accounting)","Commerce (Office Procedures)"},0))&INDEX({"; keep it up.","; aim higher.","; keep practising.","; extra practice is needed.","; urgent support is needed."},MATCH(S50,{"A","B","C","D","F"},0)),"")) -> Excellent work in recording of accounts; keep it up. | U50: 90 | V50: 82 | W50: 89 | X50: =IF(COUNT(U50:W50)=0,"",AVERAGE(U50:W50)) -> 87 | Y50: =IF(X50="","",ROUND(X50/100,4)) -> 0.87 | Z50: =IF(X50="","",IF(X50>=80,"A",IF(X50>=70,"B",IF(X50>=60,"C",IF(X50>=50,"D","F"))))) -> A | AA50: =IF(Z50="","",IFERROR(INDEX({"Excellent work in ","Very good work in ","Satisfactory work in ","Fair work in ","Below the expected level in "},MATCH(Z50,{"A","B","C","D","F"},0))&INDEX({"reading and writing","reading, writing and speaking","problem solving","concepts and practicals","content knowledge","practical work and knowledge","values and participation","religious knowledge and participation","fitness and participation","practical skills","recording of accounts","office practice"},MATCH($E50,{"English","Setswana","Mathematics","Science","Social Studies","Agriculture","Moral Education","Religious Education","Physical Education","Home Economics","Commerce (Accounting)","Commerce (Office Procedures)"},0))&INDEX({"; keep it up.","; aim higher.","; keep practising.","; extra practice is needed.","; urgent support is needed."},MATCH(Z50,{"A","B","C","D","F"},0)),"")) -> Excellent work in recording of accounts; keep it up.
A51: STU006 | B51: Palesa Radithupa | C51: 1A | D51: Day Scholar | E51: English | F51: Mr. Sebina | G51: 58 | H51: 61 | I51: 59 | J51: =IF(COUNT(G51:I51)=0,"",AVERAGE(G51:I51)) -> 59.333333 | K51: =IF(J51="","",ROUND(J51/100,4)) -> 0.5933 | L51: =IF(J51="","",IF(J51>=80,"A",IF(J51>=70,"B",IF(J51>=60,"C",IF(J51>=50,"D","F"))))) -> D | M51: =IF(L51="","",IFERROR(INDEX({"Excellent work in ","Very good work in ","Satisfactory work in ","Fair work in ","Below the expected level in "},MATCH(L51,{"A","B","C","D","F"},0))&INDEX({"reading and writing","reading, writing and speaking","problem solving","concepts and practicals","content knowledge","practical work and knowledge","values and participation","religious knowledge and participation","fitness and participation","practical skills","recording of accounts","office practice"},MATCH($E51,{"English","Setswana","Mathematics","Science","Social Studies","Agriculture","Moral Education","Religious Education","Physical Education","Home Economics","Commerce (Accounting)","Commerce (Office Procedures)"},0))&INDEX({"; keep it up.","; aim higher.","; keep practising.","; extra practice is needed.","; urgent support is needed."},MATCH(L51,{"A","B","C","D","F"},0)),"")) -> Fair work in reading and writing; extra practice is needed. | N51: 49 | O51: 65 | P51: 60 | Q51: =IF(COUNT(N51:P51)=0,"",AVERAGE(N51:P51)) -> 58 | R51: =IF(Q51="","",ROUND(Q51/100,4)) -> 0.58 | S51: =IF(Q51="","",IF(Q51>=80,"A",IF(Q51>=70,"B",IF(Q51>=60,"C",IF(Q51>=50,"D","F"))))) -> D | T51: =IF(S51="","",IFERROR(INDEX({"Excellent work in ","Very good work in ","Satisfactory work in ","Fair work in ","Below the expected level in "},MATCH(S51,{"A","B","C","D","F"},0))&INDEX({"reading and writing","reading, writing and speaking","problem solving","concepts and practicals","content knowledge","practical work and knowledge","values and participation","religious knowledge and participation","fitness and participation","practical skills","recording of accounts","office practice"},MATCH($E51,{"English","Setswana","Mathematics","Science","Social Studies","Agriculture","Moral Education","Religious Education","Physical Education","Home Economics","Commerce (Accounting)","Commerce (Office Procedures)"},0))&INDEX({"; keep it up.","; aim higher.","; keep practising.","; extra practice is needed.","; urgent support is needed."},MATCH(S51,{"A","B","C","D","F"},0)),"")) -> Fair work in reading and writing; extra practice is needed. | U51: 65 | V51: 68 | W51: 62 | X51: =IF(COUNT(U51:W51)=0,"",AVERAGE(U51:W51)) -> 65 | Y51: =IF(X51="","",ROUND(X51/100,4)) -> 0.65 | Z51: =IF(X51="","",IF(X51>=80,"A",IF(X51>=70,"B",IF(X51>=60,"C",IF(X51>=50,"D","F"))))) -> C | AA51: =IF(Z51="","",IFERROR(INDEX({"Excellent work in ","Very good work in ","Satisfactory work in ","Fair work in ","Below the expected level in "},MATCH(Z51,{"A","B","C","D","F"},0))&INDEX({"reading and writing","reading, writing and speaking","problem solving","concepts and practicals","content knowledge","practical work and knowledge","values and participation","religious knowledge and participation","fitness and participation","practical skills","recording of accounts","office practice"},MATCH($E51,{"English","Setswana","Mathematics","Science","Social Studies","Agriculture","Moral Education","Religious Education","Physical Education","Home Economics","Commerce (Accounting)","Commerce (Office Procedures)"},0))&INDEX({"; keep it up.","; aim higher.","; keep practising.","; extra practice is needed.","; urgent support is needed."},MATCH(Z51,{"A","B","C","D","F"},0)),"")) -> Satisfactory work in reading and writing; keep practising.
E52: Setswana | F52: Ms. Mmolawa | G52: 53 | H52: 67 | I52: 56 | J52: =IF(COUNT(G52:I52)=0,"",AVERAGE(G52:I52)) -> 58.666667 | K52: =IF(J52="","",ROUND(J52/100,4)) -> 0.5867 | L52: =IF(J52="","",IF(J52>=80,"A",IF(J52>=70,"B",IF(J52>=60,"C",IF(J52>=50,"D","F"))))) -> D | M52: =IF(L52="","",IFERROR(INDEX({"Excellent work in ","Very good work in ","Satisfactory work in ","Fair work in ","Below the expected level in "},MATCH(L52,{"A","B","C","D","F"},0))&INDEX({"reading and writing","reading, writing and speaking","problem solving","concepts and practicals","content knowledge","practical work and knowledge","values and participation","religious knowledge and participation","fitness and participation","practical skills","recording of accounts","office practice"},MATCH($E52,{"English","Setswana","Mathematics","Science","Social Studies","Agriculture","Moral Education","Religious Education","Physical Education","Home Economics","Commerce (Accounting)","Commerce (Office Procedures)"},0))&INDEX({"; keep it up.","; aim higher.","; keep practising.","; extra practice is needed.","; urgent support is needed."},MATCH(L52,{"A","B","C","D","F"},0)),"")) -> Fair work in reading, writing and speaking; extra practice is needed. | N52: 55 | O52: 56 | P52: 55 | Q52: =IF(COUNT(N52:P52)=0,"",AVERAGE(N52:P52)) -> 55.333333 | R52: =IF(Q52="","",ROUND(Q52/100,4)) -> 0.5533 | S52: =IF(Q52="","",IF(Q52>=80,"A",IF(Q52>=70,"B",IF(Q52>=60,"C",IF(Q52>=50,"D","F"))))) -> D | T52: =IF(S52="","",IFERROR(INDEX({"Excellent work in ","Very good work in ","Satisfactory work in ","Fair work in ","Below the expected level in "},MATCH(S52,{"A","B","C","D","F"},0))&INDEX({"reading and writing","reading, writing and speaking","problem solving","concepts and practicals","content knowledge","practical work and knowledge","values and participation","religious knowledge and participation","fitness and participation","practical skills","recording of accounts","office practice"},MATCH($E52,{"English","Setswana","Mathematics","Science","Social Studies","Agriculture","Moral Education","Religious Education","Physical Education","Home Economics","Commerce (Accounting)","Commerce (Office Procedures)"},0))&INDEX({"; keep it up.","; aim higher.","; keep practising.","; extra practice is needed.","; urgent support is needed."},MATCH(S52,{"A","B","C","D","F"},0)),"")) -> Fair work in reading, writing and speaking; extra practice is needed. | U52: 57 | V52: 59 | W52: 70 | X52: =IF(COUNT(U52:W52)=0,"",AVERAGE(U52:W52)) -> 62 | Y52: =IF(X52="","",ROUND(X52/100,4)) -> 0.62 | Z52: =IF(X52="","",IF(X52>=80,"A",IF(X52>=70,"B",IF(X52>=60,"C",IF(X52>=50,"D","F"))))) -> C | AA52: =IF(Z52="","",IFERROR(INDEX({"Excellent work in ","Very good work in ","Satisfactory work in ","Fair work in ","Below the expected level in "},MATCH(Z52,{"A","B","C","D","F"},0))&INDEX({"reading and writing","reading, writing and speaking","problem solving","concepts and practicals","content knowledge","practical work and knowledge","values and participation","religious knowledge and participation","fitness and participation","practical skills","recording of accounts","office practice"},MATCH($E52,{"English","Setswana","Mathematics","Science","Social Studies","Agriculture","Moral Education","Religious Education","Physical Education","Home Economics","Commerce (Accounting)","Commerce (Office Procedures)"},0))&INDEX({"; keep it up.","; aim higher.","; keep practising.","; extra practice is needed.","; urgent support is needed."},MATCH(Z52,{"A","B","C","D","F"},0)),"")) -> Satisfactory work in reading, writing and speaking; keep practising.
E53: Mathematics | F53: Ms. Moeng | G53: 67 | H53: 61 | I53: 64 | J53: =IF(COUNT(G53:I53)=0,"",AVERAGE(G53:I53)) -> 64 | K53: =IF(J53="","",ROUND(J53/100,4)) -> 0.64 | L53: =IF(J53="","",IF(J53>=80,"A",IF(J53>=70,"B",IF(J53>=60,"C",IF(J53>=50,"D","F"))))) -> C | M53: =IF(L53="","",IFERROR(INDEX({"Excellent work in ","Very good work in ","Satisfactory work in ","Fair work in ","Below the expected level in "},MATCH(L53,{"A","B","C","D","F"},0))&INDEX({"reading and writing","reading, writing and speaking","problem solving","concepts and practicals","content knowledge","practical work and knowledge","values and participation","religious knowledge and participation","fitness and participation","practical skills","recording of accounts","office practice"},MATCH($E53,{"English","Setswana","Mathematics","Science","Social Studies","Agriculture","Moral Education","Religious Education","Physical Education","Home Economics","Commerce (Accounting)","Commerce (Office Procedures)"},0))&INDEX({"; keep it up.","; aim higher.","; keep practising.","; extra practice is needed.","; urgent support is needed."},MATCH(L53,{"A","B","C","D","F"},0)),"")) -> Satisfactory work in problem solving; keep practising. | N53: 71 | O53: 75 | P53: 73 | Q53: =IF(COUNT(N53:P53)=0,"",AVERAGE(N53:P53)) -> 73 | R53: =IF(Q53="","",ROUND(Q53/100,4)) -> 0.73 | S53: =IF(Q53="","",IF(Q53>=80,"A",IF(Q53>=70,"B",IF(Q53>=60,"C",IF(Q53>=50,"D","F"))))) -> B | T53: =IF(S53="","",IFERROR(INDEX({"Excellent work in ","Very good work in ","Satisfactory work in ","Fair work in ","Below the expected level in "},MATCH(S53,{"A","B","C","D","F"},0))&INDEX({"reading and writing","reading, writing and speaking","problem solving","concepts and practicals","content knowledge","practical work and knowledge","values and participation","religious knowledge and participation","fitness and participation","practical skills","recording of accounts","office practice"},MATCH($E53,{"English","Setswana","Mathematics","Science","Social Studies","Agriculture","Moral Education","Religious Education","Physical Education","Home Economics","Commerce (Accounting)","Commerce (Office Procedures)"},0))&INDEX({"; keep it up.","; aim higher.","; keep practising.","; extra practice is needed.","; urgent support is needed."},MATCH(S53,{"A","B","C","D","F"},0)),"")) -> Very good work in problem solving; aim higher. | U53: 72 | V53: 77 | W53: 63 | X53: =IF(COUNT(U53:W53)=0,"",AVERAGE(U53:W53)) -> 70.666667 | Y53: =IF(X53="","",ROUND(X53/100,4)) -> 0.7067 | Z53: =IF(X53="","",IF(X53>=80,"A",IF(X53>=70,"B",IF(X53>=60,"C",IF(X53>=50,"D","F"))))) -> B | AA53: =IF(Z53="","",IFERROR(INDEX({"Excellent work in ","Very good work in ","Satisfactory work in ","Fair work in ","Below the expected level in "},MATCH(Z53,{"A","B","C","D","F"},0))&INDEX({"reading and writing","reading, writing and speaking","problem solving","concepts and practicals","content knowledge","practical work and knowledge","values and participation","religious knowledge and participation","fitness and participation","practical skills","recording of accounts","office practice"},MATCH($E53,{"English","Setswana","Mathematics","Science","Social Studies","Agriculture","Moral Education","Religious Education","Physical Education","Home Economics","Commerce (Accounting)","Commerce (Office Procedures)"},0))&INDEX({"; keep it up.","; aim higher.","; keep practising.","; extra practice is needed.","; urgent support is needed."},MATCH(Z53,{"A","B","C","D","F"},0)),"")) -> Very good work in problem solving; aim higher.
